{"version":2,"hash":{"type":"Buffer","data":"j6LpLmzx7b+XHwX/3MQpthjjfUPwAwL+B8tHsb5j1CFiBgH/5GoARwEE+tKYKkkafEgo+Oj4SPHBswb5TJHGumH+lN07hJ/Razy2FTczGUfkxUMsIvBoOt3DbSa3v3VHe5/9SDTCfAXdwGRcjL1FgjMaAf900wmqL8FIYOhUGRQ="},"indexValueMap":{"R/rUiSEpsrZjAw64/ebkEKq25t1UyEc6Rck9Kx9UMzE=":{"valueMac":{"type":"Buffer","data":"T52n1dC5jmznoqJXKpT9M0lnuuBnExrYQ6rKNZSiFRE="}},"SQ0VbfM2sCln/PiqZuHQxUKi8yZydSQKhx/azvyxcN0=":{"valueMac":{"type":"Buffer","data":"rLa4wPna6/nGE1RZLCMbZiMaVc71ZDJO+Q3w7YYYHBc="}},"mauwyQXoh5xqOrKn2SDn+CpS8JSeuXC/iU3sKlxa04g=":{"valueMac":{"type":"Buffer","data":"6dE+2M9QvnIXOAL7ZqjwMCtuDxOg6X2EC9lGn7GiU/o="}}}}