{"version":2,"hash":{"type":"Buffer","data":"sUkS4mgERvUJ+NFzgjKHR09HFrJ3oYHQKILOc0Vdc/v8H2MbowosYr7QkPwCbT9x81Wg9jhWpDLM2nKC4wg+rseuz70XuVa1yir1EsQB0lG8pCrBd7LOQ/6vIzK968zlDwtf8338DtmxigD3IFZ+fEI1DYIfKsqxW1lfRG0kn2o="},"indexValueMap":{"CcOq1pwRFzpxNsi3n7CIf6SHrHjCNawzPvPKg3/8ZPg=":{"valueMac":{"type":"Buffer","data":"+fgwJRn/fL9VCngRByPHaa2PqCKTRa4tCwHjlhFJcM8="}},"ghG2smpdegOZggreltmx5qVbD1FddjsXoQWS/Moxqqw=":{"valueMac":{"type":"Buffer","data":"Lr4kbPdkhJn6Gve9cXdNJBCYC+fSfC2EHcn7MHT8Twc="}}}}