{"version":46,"hash":{"type":"Buffer","data":"pK+o1N5jPRXuZjFlZNLdzsmV9KTwOlYQBFJ9z/rojniuG2qmS8Pg8R3rJ8EFDk7tbVHk39XNMcYSUqjOwAdA+VcSaGZ5u6mrM/XIEXIyTfDxfcU6zBBNfMYrWxmnFUj3oO+LV/2ggrt+WlxNlJJZ1jo+GrJH21advQ4romY2yUU="},"indexValueMap":{"m70UCRxxkR9mFg4tujxKtxNM6DRfiggnpB6iOSP92so=":{"valueMac":{"type":"Buffer","data":"Y++L+nJeckzkizOJg7AQdYv0wix+3GzkWzTXqRPqHiE="}},"KGuJnlUjmiYV49byZiwNYmK7HaEzq4TPFtnLKr9kaec=":{"valueMac":{"type":"Buffer","data":"gg2zHgMBZd3Du7KCIPWDkOCKgE/bXqKm1op4/cidxwQ="}},"l/Hl1ckU3X+318ib8fUddfc2eIFpjRoCGwlwz5tZKKU=":{"valueMac":{"type":"Buffer","data":"NNoFMGNmjkv9M+eq8cwPUVyvKxfr+FiJFwEyW0o2cbM="}},"1oZo+FnyYJbZfQsbBP/pz+Zl8SNu5U7ctpwAAj8SYSs=":{"valueMac":{"type":"Buffer","data":"4Qy1eCIJwvJ4VQvlHUErvCWBqDKiPTroWdoKtgvaE2U="}},"5ayXx0m3Cjyf1jxvPageC2VBpEumUKABy3+3iA7BXT4=":{"valueMac":{"type":"Buffer","data":"txJyYoN9ncoTukU5Ui4H3gVjxCfS47TQlqoiQdbhQN4="}},"TlIRRuWDI7FSJ34pQiMV4CQDdty/ofP8GoZ3720Zl/Y=":{"valueMac":{"type":"Buffer","data":"IcEs/GDAMF8Jiq4z8lOjOgB2XRdaHh6E+y5IpzBbjjk="}},"WqSuDXuPCCOd7vOUqH24+RdmjRq5G/ChHdk+lHDqb8E=":{"valueMac":{"type":"Buffer","data":"Jh+kLebnC/MzyLKXQbNEJHCjefXgyGOfFoT5wS+WqMA="}},"Yz9c0tiehsk4okTrCd1OlqGGjHYiD3t0zxtZxpGxBzM=":{"valueMac":{"type":"Buffer","data":"32/dszUa3VFgBV0jlaCSObWDE/UgzPDZ+1MbwYCjBL8="}},"fM8HJ+k7fe3+yxwh6GLlJECKizo9re5aUOZqnaSAXgo=":{"valueMac":{"type":"Buffer","data":"41xbMVmm1e7Vgo32qTvz9uLvVo43CvRmTyluHP2fmjo="}},"IwXfRetc1exW8DwR6wkWjr4aVoXjDvn2uiRRCbSyC3o=":{"valueMac":{"type":"Buffer","data":"sLpo1jlNaOk+xwBu8peAaAiTnver0JqPUZmULU4NNec="}},"Zlle8i0xxhbP00+5FZXlzccJoTTuETzkQZ+1B79uFB8=":{"valueMac":{"type":"Buffer","data":"NCYQl++uVlNF7zZ4ZpuaJvwE0SzSsQD8AdBo/Mzunms="}},"urpAiIcWiZbx1fkFkLuLyYNkvuT7xHdrsczwY1n3O5U=":{"valueMac":{"type":"Buffer","data":"+sZL6npvtflVA5zwxIPgmnptM6nlm6gr2BUPjdJ96+k="}},"tLHayS8sHEx3ursMrZ5wBgADMy1sHu45Lnx5Gk942Ck=":{"valueMac":{"type":"Buffer","data":"uTomiIgDlxlJfJnxkCU6IEr8ihG4RyNZinTTC9hMXgM="}},"vISRIuFYVvG5EGTRoD3rlcUaWwox8DJeFpy7mylKkYU=":{"valueMac":{"type":"Buffer","data":"xyqYVQfXrhMFjsrRgxAV/Epc7m1kw+11nCP+FIYgiVQ="}},"FlteZgqi5ubsPqbOUqLq9Jy2F/+OhBmvbeUtwJSooU8=":{"valueMac":{"type":"Buffer","data":"vu3ISXqJ5h6Ydq4IYhlZ7p1Ss42kd9jZ6NS2uA/jnTg="}},"fwKhkdk1sKGxx3yEFh+I/XJZvk+HjaRSnbTB4rHnjOc=":{"valueMac":{"type":"Buffer","data":"Pcy9+3F3zX9A+V0GCimt4rq6E165/U4H9zcrKlcjW0M="}},"i7R9Du/FS0BbnSFvwbohWLkuSEnW0pS2tHblpx97QeM=":{"valueMac":{"type":"Buffer","data":"mJR0qsk/5N/YuE/3GOVoiU2Y70zm2ASj40k6emMH6Jw="}},"pMWG1D/feNqP7qY/ZiEkiAGgtJggs4fWvvKSkOK4tKs=":{"valueMac":{"type":"Buffer","data":"udkT1zhidTygVbsQyISA+MnXCKkmPp1OXenWtFJPDlA="}},"oCq/7uiN8HVUU6z4rYf1/v8iadA6fhzybT2tqm9LwXQ=":{"valueMac":{"type":"Buffer","data":"BwJGA/1wDHoyaUhHrMnaHnOfJD+nRVsZl82tAvxIi9k="}},"bb0321gi+ciziXauWB3vrFHiTl0sniQeHVEc54vzSfI=":{"valueMac":{"type":"Buffer","data":"Tg2c2Pju9QRkEKbXzPwldWEmHt9kCwJFwioRVZcZCt0="}},"3x9tEeXfPfrkuue/8VIE5hK3/ZviFBj/E8nWr/Mv7bo=":{"valueMac":{"type":"Buffer","data":"7nCXMC9uB8R9NcHsPWgVwPDqerZhfEFsCI24jjpI6uc="}},"ctKknVk+cu16Xkpur0+5uoKoeQ+3pBvUFY/r9jESfH0=":{"valueMac":{"type":"Buffer","data":"6b3xWEfwXcc594cAaRg2KOpatOiRzbegQrjzs7omMT4="}},"x0ask+G87ShSR7Cx9NNm5eaPmN/p3n3Of9Ej56ME3Xs=":{"valueMac":{"type":"Buffer","data":"ITVrEIMdYI/pYulchRNXKfOhQAs6q6WOXR1glwuaI88="}},"K0k5nwBAGNX7lTYGwGVgmKjPYsPfCw6wQgqAVPv6jCc=":{"valueMac":{"type":"Buffer","data":"NlVTZu1CS4toHjWYE5GvoWtMCWcKS5y3RpRRCISxEz8="}},"TmqVfZ96NMx7Py2/mfg9sj+DHtJX660yTUF0+amHgko=":{"valueMac":{"type":"Buffer","data":"5np/mh8N9ewdHnvKPlXwTNESG6v+Zwc2L2XfXk+NFhc="}},"uWlhX6U1NzeLUUC03lB5XajMClIVnqeZrIliOgwwr3E=":{"valueMac":{"type":"Buffer","data":"3NAXDkHg7zl1ns3EE2FCqEcWNwnpNseSXzuMfsKPvIs="}},"e9fSGMHCYJJ51u5buCdKO1cbPDlk6J8HnCy+nDJUUvk=":{"valueMac":{"type":"Buffer","data":"xmd3FXqj1O3y4Ry9Njmq7FdsW7YoEzrrVT+K7Q7zvsQ="}},"WbOAPIDsNEUgGdagFvLuOCs/KT4Lx0KMH6h3aXHgXLc=":{"valueMac":{"type":"Buffer","data":"sM6MHomdcmH7NFE79ZjHqdEHw7t1yWG76GyiyKS8Vww="}},"0mnuG7sgzFV9LyIP4QQTGpeFpc3+VIwqbNQi6Px9JEU=":{"valueMac":{"type":"Buffer","data":"eBlx3pEx4Xet3GGjEcXkKgOMYkUjaCCrqfayEKAGGwg="}},"WMwf4hxLxbNbOCGuUHXFFEndG4seomw0wL/SNxDLpSg=":{"valueMac":{"type":"Buffer","data":"BmXxmBxowF5wTj3S3DXz8bCwPMDM+83uij5OqZ9i+Ik="}},"SV5R/etO/oEp8G4mdPRvvEF4u3TSeYxm4LvaIcKnQmw=":{"valueMac":{"type":"Buffer","data":"ZvAo/Il/buU5m7Lo+7gJX0Bc8gFzwtdN+ShaN4frsKs="}},"tF9wmM5mBJOIEDUHPYJst6+mw868JVKF8+b5dRvClyc=":{"valueMac":{"type":"Buffer","data":"jG7FKxUJvlV7JT8SjD6mheT4rf1eiw9+oa9FDXuelm4="}},"hFJzBgpcPG62DpuV0a7xLfIJNI1C8s054oLDYQMyQx0=":{"valueMac":{"type":"Buffer","data":"cWDDfdcrILcm5Qbn0+tK11IybxRxoG7oHiMajMxZTZ4="}},"tAnNg5F7HneX2ySfkT5SDIg50C+yGX7iSzAr8ciEqiY=":{"valueMac":{"type":"Buffer","data":"wXjaMCuRI80/X/QOc5zrL7yzt4vZGPVMYZ0aC1jj2t8="}},"dgMyjjjihUCx27fyaQIcGYS7+uhUq0cdegQ5TkBchRI=":{"valueMac":{"type":"Buffer","data":"qBauAf6aacfktviEkO13iip1WPXc0CPKDfw4Rr8QfGs="}},"/8EIXnKVKK0WOVZMiVPcqiCSThWaoSkufSb8UN4yYOQ=":{"valueMac":{"type":"Buffer","data":"OiR3g7qibvHJxypsOZiUlgq/pMxP2/mnGktCndG5bJs="}},"aZYDgipTn/6DbnFqLi+97DxSp00sG6TcVV8SaXl1zFM=":{"valueMac":{"type":"Buffer","data":"zuHGj0TS/oc0HUozOmrNsYuBQaq3JpV5IgzFu8KXPYo="}},"0xGDT6sHD6zDCKmYiZWxj4ZEQQq+JtwXpomimek/gvM=":{"valueMac":{"type":"Buffer","data":"J/fSmkYaFUWxkqJOF7uAydQgHCbThmmke+AFQ9LwRvw="}},"zWl36pENhSm1X96YXM0eR2tu2KyqJOlu2q8FrnQOxYY=":{"valueMac":{"type":"Buffer","data":"eq3SxCCbLZA9EthMdl5U2qSkzHI8d7Bok8AYJx+Rm+o="}},"igKYxN5paSe1WVczu/+i7QypN+ngxyAw0qO72OPeFo0=":{"valueMac":{"type":"Buffer","data":"dUbF/snf5MlZ96wlnerUVBUnh2gT7Oph9RjzwBLd/OQ="}},"pigTR6SOQGbgU6VLh9LytOE+YL9C5Sa7qRewU+bg478=":{"valueMac":{"type":"Buffer","data":"D3D5JRyBFtUCRmWX/WS0rqyFUrBPYhFmCsI53AQXc2Y="}},"nQ6AkuRBpjfABLK6nuYfKId7duHkFubPDpnD8DCi4kY=":{"valueMac":{"type":"Buffer","data":"wi6j4ZzJzSRzNz92UiCIKtNs50Fj+60DUrguJoF+rQY="}},"ScjkMQuzzuwVvq5BhmUPUeNPHSmEDyjUNYffUix2R0M=":{"valueMac":{"type":"Buffer","data":"qOXPo2f2ru8D2meD99CXAfUofEQkxTBx/I0FT4Kuvtk="}},"OneMYIZysn4iPOLOmFawWwJy6lZMwbFNEuRWWuORacM=":{"valueMac":{"type":"Buffer","data":"9DBH2Ghk5XzImYwmlH8jq0YKW2C+zkvq7RX17PsoASk="}},"LcRLlF439dpvr33eU4TdkH0l62Kfp5BDp7w/+MwSamI=":{"valueMac":{"type":"Buffer","data":"3u2041epQJzwqg8rOCLLQ4Qb7JNOlwHj62t4VU7SiLY="}},"yLuJiNkRbXnM82xq1PzZ/Q+0HG9H9EP48XetNePU8bg=":{"valueMac":{"type":"Buffer","data":"FMILYWLaZ2vmNZfREn3dd0Syv+IbAoq3dZK98JGAZ7M="}},"zon/FBy9hwNZssai97y4U1TfvL8Addu/qGfooB6WuFQ=":{"valueMac":{"type":"Buffer","data":"LjzxS9ZferSwC7CQx/tw3LHBTZGr3XfTzSLttufk+bo="}},"8AjRAXWu9KvaAb2CRDju5cYI3WM+9sUtEC4r3tazers=":{"valueMac":{"type":"Buffer","data":"Kw0qhrY0Wru8NRSUKrtow+eFflaTkX3opWEkMNOGlIw="}},"F5TZWis7OFPT2Eb53s3g486Q55Fbz19xk2/QN/WPqY8=":{"valueMac":{"type":"Buffer","data":"VJDUeqrg+obcfqO2EGODbU9IerdHiHJ631o5oyLYh/c="}},"wZ1wguYR8Xai/UqjsZ1MqYEzALfkcvyJmziim2XYil4=":{"valueMac":{"type":"Buffer","data":"hZqeprdum9k+genRVRnQhVLpvJEn0gC0cmqWXYUgO+A="}},"G5gR5399+U7UWatYQedkm+SYEPSl3E7QwC/cOBEU/oo=":{"valueMac":{"type":"Buffer","data":"07fwt84nN/J5rVnD/kJiLbKuXrmat+RtfjjxGTT9hr0="}},"e1AhkhD8ZkwIgo86M9cm+QIOq1tA3+vaPaCkUT4UB6w=":{"valueMac":{"type":"Buffer","data":"9ydnelQ8YHqM95TAzmWj0A7cUz+u6/EH3N6Zwqos8LY="}},"FrNqqrcNP8DvdvhNfZnQRWKz68BiRn0LUhmzOP2T7Bw=":{"valueMac":{"type":"Buffer","data":"pOBHAX1u+KwwSS9Ol3pTuKZ0ZauxnJ3CY20Eonq5Ywk="}},"Y5/SJRfHLeoGwSqKQbVSWyr+zJWSCDFvqJ7CzlH6VyQ=":{"valueMac":{"type":"Buffer","data":"O48LprOq1VIYd8bM7ltb79emn0KY/yvyYiuqiJn/H0s="}},"YvAaeBrpWKmnpZBruwVORiSNUe20qrNQASyWoijDRoc=":{"valueMac":{"type":"Buffer","data":"WCFyzwqJC4rDodjh5QLtz5fI0YvyV3nmrcoSSZch8PY="}},"/vfPkA306veTV5dWPjMXj02kfVKFhwo6Gu6TDaNl19Q=":{"valueMac":{"type":"Buffer","data":"SfjekUU/Fq93CBupgDRkVeMFBAVNG3PWV4qHcP3nSJE="}},"oaiAuHAY3vIGLDDXRnH8FjFwwJ9TT5rs/7cAVpOfz24=":{"valueMac":{"type":"Buffer","data":"ke5arl38xZDyLq1viHE6zqoJ99S0S2juyZPtm8J3Ol4="}},"ju8jIU9RQ5xXI6KqX2TSjqhIU6ZQWmxpL6crqKbTDT4=":{"valueMac":{"type":"Buffer","data":"bwt4FOMT/LAHPFOziqfE616Aj3C56j4iCiWsN6rHPEI="}},"LOVRGfHJS+X5w5OE1Wxm4lYHTsTWMTlcMZGHGv0uPAo=":{"valueMac":{"type":"Buffer","data":"c7tzy27QaIOs2iBmPBQdOd11yVKF9AVdgE6r6jrHXQo="}},"WasvCooc+TKHNRk3yEnn0O/WsPtz7hvZQXyiJV/Ekyo=":{"valueMac":{"type":"Buffer","data":"flsi/DCW0oJYDjiOZQvU+YdHFdGnicrK5rdCbIxzYkE="}},"ujYPzTyiWCAhxuUo6N/FgWYJS0Od5hQW01MOZSuvXRc=":{"valueMac":{"type":"Buffer","data":"ZUEOoxxnjHx0UKpVMDypuAmKoMDmJeZCToCln4TygYs="}},"geTDiMD72W4t9hkEg5klwGDhGS6/xcjFwsGkW4M/hrI=":{"valueMac":{"type":"Buffer","data":"jpXCvvn8ki5JLgJWWpddnVA8vR55e2vfLI0u4fk7l0c="}},"ny8lL469LKrY4ffH8YaGiz7yWAqxvq3KY0AQncvIMuw=":{"valueMac":{"type":"Buffer","data":"iIuZi1ZZaSBYWB9sjldf+1/UqNwb11j1EOxEWPLBDf0="}},"8bHzojz/V4zc49kcoh7rUcKGcJnIi+pMAIiysBDh+Lw=":{"valueMac":{"type":"Buffer","data":"0xxemhGPr69YdjkZVJIIDY/bSEjJSF04CaWYZQmGmiw="}},"HMDE/udvLDQ5+/w0B/KEi0KBj76ga6M7aTZd9wrnd9I=":{"valueMac":{"type":"Buffer","data":"8ez2lBldpLC6bwD2RM5DMYcrAQpF9WtxoLUNgHQXnsI="}},"tBSJMF3cJL8NmV7+bnijyri35kTISSj9yOWMQOX9ybU=":{"valueMac":{"type":"Buffer","data":"IpxgqV/RheyLMSpqeTTvlm5yRUEMv1pEhLkvMZYRoms="}},"QN1X/qobsCvDQ6OmSCHbkkXuUK1uCZJVvsQJZFRVan4=":{"valueMac":{"type":"Buffer","data":"RMxQExfSgt6CSNlzhDpceA3KkNI1UBRdU+W4MD0byWU="}},"vcTHRD2aKSXllnjNV0f3/c90bdK6d3qtSZ6eayR1wPs=":{"valueMac":{"type":"Buffer","data":"dpVJaid1Ie8Cm8VsQVtyTUz843Bm8uQqu74mT9oY6y4="}},"DONveQgZXeVpwjLZU+gHAwKxufwNvwOaENauuSIbVn0=":{"valueMac":{"type":"Buffer","data":"UeSjcde4EI88/fne5K+ifwmTYIDT0TUiYo4LZ5lb9dU="}},"ATeuhBuYxdFzn2asCLB6SgK3JwuVr1VJje8kmpEhSnA=":{"valueMac":{"type":"Buffer","data":"WnT7IVu0ppf7qlTYh2VS0eKa7/NeQQA2XwkKsdvqtbg="}},"G+1qm5uAlstgVGSzaqsylSG68Z4ZxHw9HO3RMHuuY5Y=":{"valueMac":{"type":"Buffer","data":"EVtZyB79Xdy66I1wbRLpJysHp4tKzhz0RctMsYRgpoM="}},"l2xwv5xnqArlK/1k+cSeHDIChtDrnA1KDR7Ca09J05A=":{"valueMac":{"type":"Buffer","data":"Uo4jkAsL+PgAUeogHTsY6tyQMbxi1eOBaY+QriLxJ4s="}},"lRC4MXM+jJnGbZRGaoor4IHJQfhIOyJ+yiG8a1DEJlM=":{"valueMac":{"type":"Buffer","data":"YB9fiBcYGkyy1NcqamB4mCv+aW16wI+p5Fc5BhTtpnY="}},"jomhCnznPLsKWk+D7l2l89prQPeTdEOkk/U+Mh96Kdg=":{"valueMac":{"type":"Buffer","data":"NXskaoQvhNhYV16VCuBMuUIR6l6iA5IyEdWOobCqJ/4="}},"VRaJ5mftP8MOXcXFBy+g1OLQx3iIsy8yOy0QFEvVpj8=":{"valueMac":{"type":"Buffer","data":"5PRtyzFbUMqHtnFWUlUV/dXpYHcm0n0cXD8+iaqEHR0="}},"3nserf5S+dbv7wJIRqRT/Q6BhfYMM9ZSo7hvlPOlCe8=":{"valueMac":{"type":"Buffer","data":"G71bD7J4TVhz7KDz4Npq/yKJgt+W2+JDGWobdBcSXhU="}},"98VX6KY0yqt0TLQ/wVd3LVv+JV96D0Blolb8S/umD3Y=":{"valueMac":{"type":"Buffer","data":"ZWakfTT5gc+oIfKiKDqhcuj1TYrFBXVmosuSiGBcdIk="}},"q3eS84iUKI7no/T8z3qXF5PGtWMzmHynn0VrKlOnC0k=":{"valueMac":{"type":"Buffer","data":"5R4PuRJ2QQQ4f6N2wd+tvHnZK1qx+AvIj3UhR0f2BlQ="}},"0XJYq9H+Om3QfRQG4vtMZET5w1/TgkFrfILS2UFpu7w=":{"valueMac":{"type":"Buffer","data":"bLBMUot8z3XbmonRXEZppj2j3YZmvcBtO0mqdLcUAg4="}},"ju2V7jK4FV6WIBBzFwXQWS+XXOQ8Ae7x8IAPjT9z0wI=":{"valueMac":{"type":"Buffer","data":"yZs1iNLJYX0TWtaYP3fMSirwYlzk3OhTvC6QMfpgS9Y="}},"3nk4DFE4LuKA114foBv1lY3w0EgsWpbcGmxCarjB+4M=":{"valueMac":{"type":"Buffer","data":"8ju/dE1F09ySvXxib0snn2oEVuYHbfbZ3FpszfCEEXI="}},"y3F3SC3wyfjvSo7b6EGs4cQt6VjCXtHFCqSi5rP/psw=":{"valueMac":{"type":"Buffer","data":"1PVEG0pM2ExZjZPo0PhDGelDJ73ZrfH7LWTLcXGXTUE="}},"VjKBcrhswli3VvMltTDthIYCc9sAfoDLOSLUtY4Ijgg=":{"valueMac":{"type":"Buffer","data":"M+NcsDaXZSHCKDkQS2MXryp8Zmmq+9ARLh+PUTnzcCg="}},"6Eb5+9uQkcnitYm5nKl6V+ZoiupOXIUWqp57Bs6V3UE=":{"valueMac":{"type":"Buffer","data":"/ZJUjEpxsyO3R691KbkhHWHv2pxjQAgJEkXTjptJEHI="}},"1tgE18iJl6+EGBwA9a6pJMnduMf5AGnxPOmVWxJVDWQ=":{"valueMac":{"type":"Buffer","data":"aTjjQk5bdRTiRT7wUqx4g7egexg7QBFEpxJvKsqa/vA="}},"0gSh9Mf+0YTdEEW3Jt+sb3KWiadvd1yn0IFmslQpZrE=":{"valueMac":{"type":"Buffer","data":"WcnwChbuARI+yOrwIG5K6gJGLr8hqhrmzKOocVy1Sqc="}},"jNELrpJ3qfG31v1g7gEqgBRVWQBwWvSA9DAfa6fDZ3U=":{"valueMac":{"type":"Buffer","data":"OgE0Wyipp2IwS+WMSlj2vx+i3/D7eUJv9awEs9BPaY8="}},"hXPhNL96L5f+j7cA44j0uQc3PHGzxyXzy26xz2NcIao=":{"valueMac":{"type":"Buffer","data":"AylIhlqRwcPOLKAOahGISQnjIUgNUokC+yaso453MPE="}},"ulot9eaNCQ7+KHQ1Y/UtXd1JTeweleV72dWHuQdXcrI=":{"valueMac":{"type":"Buffer","data":"haA0AxfxuCjJHgwohWjnOIQfcwCobLEqAn50YT57R+k="}},"6LADgIOEHcK8OXYGkNYNw3kwU4J9+ij4eT7oOjQEE5I=":{"valueMac":{"type":"Buffer","data":"L8hXXtV3Iz6nLmJV50/L5ZaWGQAIDuOUuhRW31bdEqE="}},"vZnmyRhQeUYou9Z7brtfqqppAdg1a0iy2SJvlz5FLZU=":{"valueMac":{"type":"Buffer","data":"o7jj+4K+GKpeHdCAWLtlklHCMnXccARGxsm2kYvNWss="}},"KaYSBfFAwi4C5PMHymRdV3ETnfl6hjEpWfG+mWE0fb8=":{"valueMac":{"type":"Buffer","data":"qoQS7W108kEIt4kTUuxfTE1eSsT9Jvd3YgL8WJ0lDRU="}},"MKE1BjDMtbzbR/p3JUb91b+CHMBwqFbZglP2tVrhENY=":{"valueMac":{"type":"Buffer","data":"6V4RkMVyFh2r1+L7hghusz2irLVawq4mp+UmAqayfHE="}},"X+uVfjcNlj1QY9IjmxvmiRniSPMlkiaHsMVqZuUirNA=":{"valueMac":{"type":"Buffer","data":"HKeSZ0bSznSKw3n/AHM7YUeTD2PbeRomFVvWe2Pj+BA="}},"h26DvTZSqHGnbEynogwbgv0NExQT7z/BxZnkvvCNck8=":{"valueMac":{"type":"Buffer","data":"xaAR/pIuBO+SOYJD63TJYVLxEBV0lAXZCRVPoSE97ug="}},"yoJBEHkhOztixtAxl6U6PZe+rPW/4dFazfkDqMuFtSA=":{"valueMac":{"type":"Buffer","data":"XqMNGnuWi7ndfieOW+A41Xr3bcSfTWZ2xNfDM+kqynk="}},"++PXzYDwXyD1uSlOhrC8s1pSZRTGyWsFCgrvgbQVkcA=":{"valueMac":{"type":"Buffer","data":"R3PR/UEMBKiZRIEDitV52DPQmDHdQI3DjMDuZ6NGVmE="}},"dvh674R7D53DLsxWIJMFOzTJt3kCjSL/2OkKdaJ2OW4=":{"valueMac":{"type":"Buffer","data":"2TIFwUmLyFQ/oUkWMoR3FvXPGZcCQLqkhTZ6YfI16k8="}},"DFIS+b1z8CaanJxUK3iPzSOu1Pol065kQbrVpOoyOX0=":{"valueMac":{"type":"Buffer","data":"xrlfeNuH+i2tGnRNLnTeVkiq2OFsY+RO9tzgo+A5/Yc="}},"ui6TMi5+NNU7TP75IxJb+ENmyXbYaNBE2XDcgmFBtzM=":{"valueMac":{"type":"Buffer","data":"VdGINOLizOGGz9j4X97H1ZGa7M0FfGwFP5OHRwtTYsM="}},"/gy1HtbhQpiZPa93OrMqZXaH5XORZSIvfe6ihT5qAa4=":{"valueMac":{"type":"Buffer","data":"LmLcc7hkRzCBFcG7UBLkCGLdVjru8AMddABb7Q4dGBo="}},"S+AiY7Yizj20/ViD5F6GvjaiLMNV+FqKVphhoeL9ACs=":{"valueMac":{"type":"Buffer","data":"tSfFTTlXgt46sT3MvaB65KMsccXUJ2V4c7kEmuw7jMY="}},"r/2MDsKwOO2nui2npavT3w0oHv7zvqiYatYPw+KfHjU=":{"valueMac":{"type":"Buffer","data":"XqRpb3/gZ94B65X553LkPDMZLmFjmEIkCoPoBCDQPXM="}},"FpIM0sLvtRu730wVK/HJF3M45ua4c2Ly87PEV4nVUww=":{"valueMac":{"type":"Buffer","data":"hLQKdNBvAxdBTfSKeyAQt95oXjRTN8WkTZXzG3mvtIE="}},"5JXQZBnQffYe2vt2WhxaCcAENGvjAL+gPpXbaaQfo7M=":{"valueMac":{"type":"Buffer","data":"gnH+FXJDzd8mfhI5gx0FKms7AGcyqWF7LX19R/Ta8zs="}},"UuNX6/pdwDpG/e8K13i9mafAyHP66vgjHoEgxxTbWYs=":{"valueMac":{"type":"Buffer","data":"qj4DXCsD9XehVFqQdUCQS8QS3AGI9d/u+z7Z90XoH3A="}},"qLfJb7bKvHs9UoSKlsTChNFinJMSxZY4fDY1yTGcXVY=":{"valueMac":{"type":"Buffer","data":"Av8Cd/8JFq+hlJWHdV5ATWrAJUPVl3BCrj3Sve3A/Aw="}},"gsd0DQpNaF6AQ/V2yKCQdDqTgru3cwLtgStUskXuJbc=":{"valueMac":{"type":"Buffer","data":"Zyv5Y/p0dP1pj40l7z25Gm4Az8L48D9iTawxSPdHll0="}},"n8WEk3k0BXHUeaVpYWwaQ55fe2kWyRpRkLtv8PatKsY=":{"valueMac":{"type":"Buffer","data":"Wfk7+PNl1+KUDUYXc86rWZ69m00iXCrUqaR1wZtbQ2Y="}},"0tmVcfeXKd1wLWF3mZRy+/yZwe2VlyA8lBFn1/j0EkA=":{"valueMac":{"type":"Buffer","data":"xuRS0BXiaeH8JnwGSxom3Tft0qvpnDoILAEJNsaP/+I="}},"huAaqX8zCqK70VuGe9+Num1q/opks91D5tjBRg2JsN8=":{"valueMac":{"type":"Buffer","data":"HgH/HSWIqj77ZPxjyW3HIK4HqVUecOVbucFdfbvmq74="}},"lguRWIaptCbmMMaRePdhLQ01CSOnpgGn5bZVEY4w+cU=":{"valueMac":{"type":"Buffer","data":"iyaLxAK4X9ce6lnvVqvhiQsvRTn8ja1WyII5u4Oe6F8="}},"GQ/tEmRlug2cV4aKsT3zaUWRIbKNHRD/iJ4iHE25kLU=":{"valueMac":{"type":"Buffer","data":"zDFh2QJzpV7eo6zJ9g7TmkWHSt8Nu2pHkK5lt9LGS/M="}},"XGOIrUBznEL+zjrDeTzPP2vRONJRyws4U7XdDtazHkE=":{"valueMac":{"type":"Buffer","data":"IakBIE73pSpgJWDZSu56rth3GcfbAOzRh5aEowkhbQ4="}},"nOFCV7ol+qMFuavy2VXVs8zR11zDP1WCJBsbyOiTUhk=":{"valueMac":{"type":"Buffer","data":"aFP9/plFH2gR9rVuD6uCbhNVKmri3w2UmLXDqHZMC7Q="}},"30SQyQiBc6CxAFGA0FW/Nz8qrdju8s7CYEMSieXsusM=":{"valueMac":{"type":"Buffer","data":"1jE/t5nr4MnQjtIpYOQzzchEEg6Btx7D40aHpE6zfzQ="}},"aV6IEAf1NLEH4pNL8uMgieh1EBOevDPVKWeh9XKaOOU=":{"valueMac":{"type":"Buffer","data":"7iu0tJ7w4FuPf5NpHz6G3rcfquOpo9pAKaZ5HGpeVew="}},"F+3EGCjFmQZi4TkGaXz6v3WdYFcawOYSND894P91AEM=":{"valueMac":{"type":"Buffer","data":"xgRwDgRGgAljCRpRnyyc1w0PEIZg23sFRJl/C5vVNZk="}},"6KACOeDRsZ7Nj7CPDgfNQDwxtgSnpXwvfQ1MBjELX1U=":{"valueMac":{"type":"Buffer","data":"yvCBCTu4MLynh9DUUygkXKWxfKSTrvIIZPMLh0xLEsk="}},"2Ug5dOA3VJMMDjepPvI4GIudn2Yw67Xw6EtNQ++Zi0U=":{"valueMac":{"type":"Buffer","data":"7Sms3j3+PPFyRSjiZTwH5bQvqaiAX7SIRS3Ni9WNzOk="}},"TVrAnfMZHyatzFC2VhK3Ct29bqaAeD4ek8KiCoJ2I0w=":{"valueMac":{"type":"Buffer","data":"Df7TV4GzaVXGZGQboMA2RS3StDxc6kJij4pA8cOR0y0="}},"NwF4UdxKkz+3X2X56l6pAkv64P9J+KxdNnBorjEYqGk=":{"valueMac":{"type":"Buffer","data":"GPY0juavSAFjoOXbnLFVmpRmbcsCMXZvsxmANx6LcVM="}},"O0wOgnw3sHCq9rjl7u3WPc2PRApYPdS09hHBYLKAppY=":{"valueMac":{"type":"Buffer","data":"2Y0F043P85UxL5KMc+wqgFZFMdhYOZkkEf1Iy3C747A="}},"cjwUVUZK/KHOJCN2xmzdU3rUHAMT9Kr7/xHgsYHsBZQ=":{"valueMac":{"type":"Buffer","data":"nvfqfksiRznv3t9ppyKvTxPw7Cm8yBcR5/+PVMAcLYE="}},"d67PwanSOIiuZtGhFtWq4htj30j1cMmxEC5zQcWBD2s=":{"valueMac":{"type":"Buffer","data":"PJjCLJQLaKjsRt5AroL0NpduKzmg0d+5HwDsRd9Vy7E="}},"Fu/sCEAmPFpaY475v8OC9wt3yHCNadaHiqKpjvGUe50=":{"valueMac":{"type":"Buffer","data":"9nd9+PF4QFceLsoUZET9M353bakzJ+DOT+c5QP+poDs="}},"U1HnWXEHc240NFGzzKUTe4kS8mw0c6VX9Z+MUhhdGss=":{"valueMac":{"type":"Buffer","data":"R70VyCRslLFt8pXGHSgPYmBIdfnFv20LDlV63hRhTxY="}},"cT0mtR4+pEIHDDKGVmB+R3RFqRQSmECYTyThorioaHA=":{"valueMac":{"type":"Buffer","data":"IBbeDPKZxCk3AF9MZQtVy4/zdRYBMQXSBGIPebAlC98="}},"wbxBFuxnkhQEvB+x8Jw5GYtXRaAjYdqfHoEvLFgVREc=":{"valueMac":{"type":"Buffer","data":"ivHg/Mz0Y4qWdUfcFdYQ84WKyTAzFyxCxOXw5aDLSOA="}},"bqTm6FIN2h13uqO1HlZPSvsIxi0slC8CCtBk8UZnFTQ=":{"valueMac":{"type":"Buffer","data":"kniIIkoP85DZMp82Ca0LIg9Yc6a+lUsqJnwFEk388FY="}},"icD7Oq4H3iLwmzL4E4epC9/x7YbCVbGV4dKiVi5lYvA=":{"valueMac":{"type":"Buffer","data":"DvHs4/SlNM8LBEncgDVzIpRrjS9kKAl4hM6qV/rAGfs="}},"SG6NE5VQUOyTNL6I6N1nfP4czR9SWFdBNNAkeX605SQ=":{"valueMac":{"type":"Buffer","data":"xY69fgv+apNNu/T3PWl3chwBy1sAfGijbXAkhIt5RZw="}},"sGuWiLq1oGWJciOoHYELz3BzvnD6c5bErJrBgFaqsD4=":{"valueMac":{"type":"Buffer","data":"ecZ3lL2wGinTgIJO6YLHMEJxvtU9QKxFD2r/Xa8Pp+I="}},"An5B/3as08vmVNhLUkzeM+UU1Py4xdFSPxltlXXI+Wo=":{"valueMac":{"type":"Buffer","data":"Y4VfElonIWy0D4J9ylaS96igxDi/j/CSjF0TQWuMl6w="}},"t1R5DQtgA/0BjYSFkOzmpZ8NU8YLe8gTSpZKI6VQnxo=":{"valueMac":{"type":"Buffer","data":"FxGI3SksZv8pl07CQjisg/HxrAdSrugVq6JzO/rkk7s="}},"WJXgt+FCKsVif/67vSyoY/4l+In/RGmVLJlfKfAfU38=":{"valueMac":{"type":"Buffer","data":"juH00Fru5oR8oBY8KrzQ14S8dfEYcPhllxOQlluFwyk="}},"8ci9ZIxoAS/Tq2EAU2/Ky9IzifOxfo+PqyySd6G2V3c=":{"valueMac":{"type":"Buffer","data":"3GToAmVmE81Fz81MKIPspdvK1NSYq5mnfQx1mwJYOUM="}},"xVS38Xqq5gghR6GiETgRmbGu7o8nrL/kTWKtsjCENA0=":{"valueMac":{"type":"Buffer","data":"TmAc9zYr4D8ZIjjyatEaBcM78MnoXKObVL0drD3j80Y="}},"Ygn9/38VpJ1nTqHQq7EVFSv3TtQgKCqHWbc9VN4HC3g=":{"valueMac":{"type":"Buffer","data":"OGrJ8nvlclo8tg6ePRejZHw2+6Jyvk0XXYbpR/5Bzhc="}},"b/Wg9fuHfObgb+Ltzqg0d7KGwqmh3pRaiEI19Fq9m+c=":{"valueMac":{"type":"Buffer","data":"ZMGlPbMekK8rCoOE5ho7I3AWd7MAgh/zeB3yJTM0blM="}},"VsLcF8p67hKAa9i+tdImVGhwIOSHHZdn1lmc4EXLwXg=":{"valueMac":{"type":"Buffer","data":"355Y04FMhXRQlXmbDZ/+grx0+xhdHDUQ6IAvFNYUoZ8="}},"7XNdUnJeyBZwUVh3wzis1lJOaFx60QaoM/A5HL6HOC0=":{"valueMac":{"type":"Buffer","data":"wWjhS7eHgRCN0CAfx5gvy5ELHcp9L7lQU9IXhy2Q7kc="}},"L0a2vnaCLgPpVRzh4yToy6CD9Ouqqx0tUIuacqL2T2Q=":{"valueMac":{"type":"Buffer","data":"brGJSzkNty6cOlPEwwUTMd4SYW+od/AT7ZwGSuZDdSo="}},"siHleMGINsx89IP+W77JCcN/u7GB3AuqgHiC5ODE7DQ=":{"valueMac":{"type":"Buffer","data":"iatmfzBF7gYbqCZb28yUjakUxCK3u9hgja9Ax96j1kA="}},"Eo8X6rHP0vtNOtQATQOiUicxnrGrCAAVfgKPqX6Jj24=":{"valueMac":{"type":"Buffer","data":"4a9B68VA5W+vpgTi9jnG5A0/0tt5GjZGArrXgZPxJBo="}},"QQdcQdDdTjZoVSLP8ixIGZtGbjqv8kKM8yk6BveID5g=":{"valueMac":{"type":"Buffer","data":"nas+VGCupIGRrV1L5QwLbww8JPHVDqGP/Tp1pk0pqwQ="}},"WOaeKT0nQnZ+E3X6VuqpV4q1KjFrNG3EIU/H52tE2qA=":{"valueMac":{"type":"Buffer","data":"n8EafBxGwHMijzoCJ4p5DUXdC93W4UtC5cenmDrjYnw="}},"ckNPDb4fm124gQn/IUYxQM4wmsr1VeJHiUKhgAFDazY=":{"valueMac":{"type":"Buffer","data":"8koPu6QDP5Oa46vWo8i3q9u4/bFYdAet8poUS+3ljV0="}},"ypO73MCRtWjSNv2kJU6aO0XnlB+dwMfgajEU2OrJQQc=":{"valueMac":{"type":"Buffer","data":"esGyLCTqf/VpNiBDmHqH4i6ZX/54wzBzl4r7QdElzIs="}},"FyVASbri0Ci+H5Siicbos5WQnJe3/A+Nev1YW9obVhE=":{"valueMac":{"type":"Buffer","data":"c/QrYpgrjrOdYpslgjO5TEtlJqSdhI6dreSAhdUT7PQ="}},"nLjVUigYvbM+M+fRI3BIwZXEk8eb3PtVgvdxwFQ0RmM=":{"valueMac":{"type":"Buffer","data":"n6todUR668ixeu/KMyUWvB6ZoeKu/MQzFpcNIO5zebE="}},"YFSAqHowKzBZpgTCP+YQ1ZW9dJOwYBIJO7g1pscHf0U=":{"valueMac":{"type":"Buffer","data":"Bx+4cF4Ql7Wjbi32oVctHNtArw5r9bA7X9rTbGvSL+o="}},"JjkjOwyRMRetCy3sZnF9IU+nkCi5hOLSYB0tmMTmmiM=":{"valueMac":{"type":"Buffer","data":"sdi0BIkuz0T//IMntVSI5FN23CgPdN14hyqkZ3SRxpI="}},"vuBPLDRhjxK2HLnnvW0twvm15lggZ3r1TcqJLJXOYOY=":{"valueMac":{"type":"Buffer","data":"2H/nCP0vp/g/0dn6WkAWzRunDZhWMNohxKybzXTQhkw="}},"mo8cQu328CEHvWuFR5cWmFJeS5IMcNtBMOrwHtfxOhI=":{"valueMac":{"type":"Buffer","data":"11QoNULDktpuy0GxFN+Cb6OdWk6Odw3HCuk8z2ch5gc="}},"CFm2j8tYYHftfSSQIoIYaJESoEy33Kutcb0js4d1hZM=":{"valueMac":{"type":"Buffer","data":"nCwrMrAeSb8QCYsFIseD5vbTCZ7hAZix8deLPF2Iv2E="}},"ehBaAWKoMfiDF/bnBZ8NyIWdT/4DYErvy2jtd9HSsdY=":{"valueMac":{"type":"Buffer","data":"YPQCUzHJIvA5U/OTfFb8YJEfG1EJ+0TpPOcNc1zQbE4="}},"WtN91bjlhZWmgVYi5LHqfb1u7/IdKlAKUi5JQIi2oq8=":{"valueMac":{"type":"Buffer","data":"jY3cReX5U0vQGhQrl/eJFOz0Q3+PvoWscYJQw5hNAhA="}},"vTjj7ZD/xseq0H/qlZowyM/2DkpZVu2dp1rkIA3hFLc=":{"valueMac":{"type":"Buffer","data":"CdpxlmPFeY5RIVkZ6Q9difeIIElH+UAbhsGRxUhNewk="}},"oGUKNW/X1GDRZX28R9ZpTmUIB/iR0qp1BcwWbBbU9VY=":{"valueMac":{"type":"Buffer","data":"URgK06RXBCaTlUtFT/GDASqxKHS1t2w7kfSKY62vPqo="}},"Du7BrGPUyUJeWtae1VH3ikcfSC3UZ8Pz9xyzDg3qVTE=":{"valueMac":{"type":"Buffer","data":"5rNa8FA30jOs+GHVIQ6fG8KB9rHJmgc7fyTqf8Ic+no="}},"zFJNEaK/ldzW0q0g4rnRa2dbuCsgNDyAYj5ZslEcao0=":{"valueMac":{"type":"Buffer","data":"PB/j13yV3GlgXRYe+QFYDkKqMYFkB/vxb9jQLFKnVS0="}},"7lNfBNuW+RQPu3/1l5KtlFM2a7+IUnIlrDXLML64bwU=":{"valueMac":{"type":"Buffer","data":"NB+OIDyXdsEft4BjrNytbUS4Jw4ZIjb8Z1dXg0Q9brw="}},"/C/uVcPJ4jAuYydD/ehvfC/aDaoJ/EfjsEsv/NvipYk=":{"valueMac":{"type":"Buffer","data":"EG8kBfachmzrx54WPsyPJ80Gai0mKH/FunujPmP9vNw="}},"vzv38D/N/P53Xaim+QquONQqdqWJJRn8slJrf+hy6es=":{"valueMac":{"type":"Buffer","data":"6drWggcwc/oeAVVodi4l2cJwc7iwvdxibT4esxzmITg="}},"f/k62OM2zwPmF4J4IjVG59afST3P0ZnNMakyAt7KQWs=":{"valueMac":{"type":"Buffer","data":"MxQwhxNE/kd+z/OkXvd3gb2XHCvVJi8gRzggOxmXDIY="}},"51jj6+6Fal6LWJhZBCtjvKUmPCUYlC5RmePgAFgtGtw=":{"valueMac":{"type":"Buffer","data":"rOjexFRKQ7juJ/5I41DMK91ufMfB3hb6TN/LRDy6iSQ="}},"YyRA1coBQuROEcGXPnIltUvCFA3CKHYYS0KAMlBeJZI=":{"valueMac":{"type":"Buffer","data":"lPXEvu30ihspqN8WE6DLaC9rgD1aXDPt4Ru3EA2e4Z4="}},"dltkLtiuLdKy3dvhQjw4R5LbDttWJFbvxUhWj3/r8nU=":{"valueMac":{"type":"Buffer","data":"jINlgzTPu5xp/Md2V4J1a5tw6an49b4i2OhUmk+6oiQ="}},"XQrBUIGdvXMvkDsHuBXV5y+mIUWj3olUfvCdR07Hbuc=":{"valueMac":{"type":"Buffer","data":"PFpv4AnuLmgiqO601r6ENCpSigk7SI78IVd+EkTUcFY="}},"AkeqH1D9LNu2t2EDGTyqT740L/BTAAsQqqBlSHjZnB0=":{"valueMac":{"type":"Buffer","data":"lQ+85B9Y7r+5Szg/TSRtLmfak5AZfNUrENuOfcFJw/Y="}},"gzGAMzTrTydVRS5g3ZuIHfzQG62H6rhM8+pw+qFflag=":{"valueMac":{"type":"Buffer","data":"5A1SnswmLeBWCN9Uc2AG9WYZ4YTuSw7TZ71BR+3dcaA="}},"3Cn7Qy4382bX0hS7HjwJdjtCmxSofvm+x9Syn2vZ7pk=":{"valueMac":{"type":"Buffer","data":"uYIZzkpM0Vi5wQT8fkyEIoVbLMBZvn7oy+vK3aIjyVY="}},"DVyqHdwl7/D4GhE4yVDcOaRU5FH6t/JQuaSlvWKNBmQ=":{"valueMac":{"type":"Buffer","data":"ghWzF+rDEmEsH4KHHPN2Ps2Eci9olkWJNA6iquO+5bI="}},"ZQv93EBbDKP+c7QcGZ3XGAPoQVTe4kAknwisdNHyfto=":{"valueMac":{"type":"Buffer","data":"Z8kXQGquqbCYoSaPrhU22VYkCYEwsQ909rVWnCt8MVc="}},"+/pAoehc1JvZ7GMo+GpttMHMUKedHUKkbyl6+Fy3MeU=":{"valueMac":{"type":"Buffer","data":"HgRsS4SsqwlfGBm3erY3q4ZnAjx5rL2c5pGHO6GIdz4="}},"mj5JrjPLFkKJEM6+NcMDABs78pZ+vNNivz3K2IqGL2k=":{"valueMac":{"type":"Buffer","data":"gbwXqEyDOJ6qmRntaVfrhCf8r9+mx4Q9RaDfVlQObV4="}},"IigZnv/7vO0Q4bNB/b614A63tWnU7CRvQTpGGkNh4XY=":{"valueMac":{"type":"Buffer","data":"j7wRFp9YIHStwzkQvYbQm169dIVR8/tf62Txt1UNwnc="}},"EWOZrwXvFjLAemzvZ+7nP0lThIPoBltmxXzEKzvpPlw=":{"valueMac":{"type":"Buffer","data":"/ncDvd6zK0hh49CnYE/MfzYoD58OeCnyXIpxiaQqrJQ="}},"nG0fpsI4CQq+L12MaOfPL6QlYvbLCkx1qur2qZeNONs=":{"valueMac":{"type":"Buffer","data":"GyeEQ9upkEHH5lxRclJ71avKKWArNi+F/f3CRAx5wKc="}},"92qOQa80Wza3thOrKh4i2jh2D/UDJvEkJHw1OnauTnM=":{"valueMac":{"type":"Buffer","data":"+C4I1O5pjRKNcXEfdbljRK6tOegUyzh9zhAdVKaNoiU="}},"D7QQic/30h8IKwBITScuELgCd1OaL0t4WarQ6FzltkY=":{"valueMac":{"type":"Buffer","data":"nbsORgy7aMOKIsDuom/47OBDnc+LBZcaoxV52DaNE1o="}},"ZBHkhcc6MsVGITva31eXV7YQIWZ/1NI58UNNYpdf+zI=":{"valueMac":{"type":"Buffer","data":"P4Sf/p7dA9fi8u++P98H95wJstXhFPO2ykJ5K9XNuV4="}},"lBPqFYOJWpABrArhCFHVFiCWBYivJOTA8n5wdv5fUXo=":{"valueMac":{"type":"Buffer","data":"fEUufojKg2QFogK9GCOEV7Xbo0RSmY51kFhnPPbi3Mg="}},"NPWJcx08l5D/G9/Y8L9TQ4QY9kPPQ0FGzLwoHagqMOo=":{"valueMac":{"type":"Buffer","data":"2tUoqSftrJQSzzpcPwnQHVYJVtHW91hriw/vH/Zwi8w="}},"1cUmB20EhIlzmhK7FMKjRn/kK2BNSay4tBt7g3kJIAQ=":{"valueMac":{"type":"Buffer","data":"a300GaRy9o1Mi6g9+tBAyBGdGtN3/qcP2idZsgL9W+Q="}},"1PTehYPgroCjyDVpUdKvFw6tC9iyx8qbn/SMNIDg0Sk=":{"valueMac":{"type":"Buffer","data":"2ZtMd9vSc+W9dQjUL2AZ1R3tgngyty46Q5az8woNTnw="}},"qvCSPc6zPuHDZe/yUcvqmRLonIeWXK1OYVsMvqMTKh0=":{"valueMac":{"type":"Buffer","data":"7rsFuB9YlGbm5Fjr9zeSHJI79qqVcf6xnu92O42Den0="}},"mWhXwT9niOubhF4Hg5ZLF4LmGp54aghGGE6BJvvaDew=":{"valueMac":{"type":"Buffer","data":"TktERiGhYGEB02x37obZTkHkbvWzpjkYTAfyk9B3j2E="}},"3e5JFmohZuiOJyhdYJCk/90NCTKU6/PfcoxDo3NgEOk=":{"valueMac":{"type":"Buffer","data":"n1FHtuZN9+Kc18ILYE/BsrJSJhAtlyK4T6kZ/5y64nw="}},"lcr+Lqyjq2bs6OiDfjfQCGRAFg7BoN4PpOyj1kwv0wk=":{"valueMac":{"type":"Buffer","data":"msmnxypqH5Zuoc4XbqE4OIlEVxduBGr3A5eB78WWPX0="}},"FjoABKp3Avtoejjw9BXK1yR/ktMp69vFAqz+UV96x9M=":{"valueMac":{"type":"Buffer","data":"ii4AUakQDhh+1ineJbNvnVnX03pCcDpjaz9vqftcl/Y="}},"t9FiC14Kl5gjDvY1vDP/2mUKROuDk+0HOiocib4QC90=":{"valueMac":{"type":"Buffer","data":"WOjXQtaRSg4Qm+MLmXN3cFVbw5RQ4rcMZqFs8IIf1AA="}},"c4YPXDYe1HMIfVN3SfUBOGxvjL2itk7Pt9hkDRZrAPk=":{"valueMac":{"type":"Buffer","data":"xvwLozQsH0oV69SY01J78R+axVzgzQF8H1F7CuV30CY="}},"odBEHEy4d8FnTFVB3q6jT+Z5gnxaeLqfsNx4F2Y8WBU=":{"valueMac":{"type":"Buffer","data":"zbY72ji1daQCrlcQr9FcEf0Ggi8dwXtv+7yQFrHyqDo="}},"xvy+jvhOZwZFg5YElUUXawfwQKcuT6NRBITodYDW1Zo=":{"valueMac":{"type":"Buffer","data":"lOE8x+82nQmeYLBh28SLLWvFMGfkZW8adv/qke8tZ34="}},"EJSHoCnKIR0z2eshkZ2P4ja7rahtBL+oRyXb1H9tG0E=":{"valueMac":{"type":"Buffer","data":"atQfbh1Bnf6+ujYgFwN4fImjnLodRB4NYlTp6Bp6uLk="}},"C19OHA/K5lUlGU1i4pTQF0T1mbNnfiEQj1NpNbq9UpY=":{"valueMac":{"type":"Buffer","data":"hTsFXcNKo+8InA3f04M4Zp5jRiB/PzNsLjMjGH1AlZg="}},"1TnKFPx0iBrh9FLJWh+qdIPtgZdN2BwhSWEsjUmwOmU=":{"valueMac":{"type":"Buffer","data":"uTyr9EtQAeWHb0aVftG2EBQbljW359/aAVkYl+Fbtg8="}},"65DWi2otHEjQfh4YTwWMqiBpuWUo8P+3wRLT4c1/5ec=":{"valueMac":{"type":"Buffer","data":"/eQjKFODldPDDk/BclAV0qQn01O0EYRNveR4x5omESU="}},"CAT4uDW0qbkGWX/DgWOTLgyb0VJtcwV8rP6wWKtbv6I=":{"valueMac":{"type":"Buffer","data":"/HR0oSoyJcZUxUcLSNXTnOu2Ruqyu3zqJyFp986x5YA="}},"LMWDpKkqGDwXuOA2dGiWmSHUMMlbl7YTJYAdAmRl+hI=":{"valueMac":{"type":"Buffer","data":"ZVrIJOuCy2IdxZghC//808z2p2FL0Js9vTNdwdxUnBs="}},"JXHdSfI33WwFm/zELVvGZlRh07/FupD/18ythwCj2JE=":{"valueMac":{"type":"Buffer","data":"9e0mllgKPw6cfNSzhwfsblVCDCCIshF6a2OnY+6BleQ="}},"fx11AS0EHLop/2UbfL2wUc1l5E7Ro7u5TGl+tWW6kxE=":{"valueMac":{"type":"Buffer","data":"ndsUu2AzPkXcfshcVGkP5jwmLtubKm4ug1uLeOtCqdc="}},"7mjJKeTTn7eVOisQzX8tPh7Nq5b2dwkIEVbD72wjBVA=":{"valueMac":{"type":"Buffer","data":"jUQQHRdh+J/D1jIgumoKvuAeOELCux8swG6pQISffxg="}},"Xe4pih4JtYWsX2WM+ISddfLLx0g58d9jmgt6IOI3X10=":{"valueMac":{"type":"Buffer","data":"Dm5w1HxFypZZm6n2CaxDBrcMhCRVPG6SSBS1HiRaODY="}},"gYRlLv/pGL9+BJXidaV+CFQb7c9uTf9j9A6x028P73I=":{"valueMac":{"type":"Buffer","data":"RJENetUS/FdkkZw7G2/VOXAZe7JGuMpdYRR9Jom4opE="}},"Rg0Bly6/DTRa8Zqirk0kDcBhXjomTDeBLaJpKCc6LdA=":{"valueMac":{"type":"Buffer","data":"61G04gEDwLexIo91DYuCmzlgpTVqNOwnv1fSCi5vwLY="}},"EbUeTGMZyTlPjD1hnYQRD1VZdkWkY1QqnV6lJXlG1AA=":{"valueMac":{"type":"Buffer","data":"gLUohaoMgqRk9vKmyg4Fw1Y9aBk0R4TKFVk1EV5vNZ0="}},"XMFQ896lncwnFVky3jCx1A241irav5x0h4TOlikdBhE=":{"valueMac":{"type":"Buffer","data":"s3zcG/bAcv29wCzAsnH3/5GgfmvMSj4qGzsYyge6fhg="}},"VcevYH+3o4oWF0apcpXxLA2wCzzYFGsgnLjGzqI88Tw=":{"valueMac":{"type":"Buffer","data":"3LiGReB655Arh3MfgiKVj2KS+SG0Hzjq43wE6FFIEik="}},"zS3/5vIe3bzEifaq0UOww0NkNt8fGYUBHDjd4V0eYEY=":{"valueMac":{"type":"Buffer","data":"AHq89QYpFEWHHSVojJnh5r4UFYAh+taO44WEbarEBMY="}},"7xuEbP6qYWunN7Khhca0GwcQMCIiQqeH7uh/kL1FGDk=":{"valueMac":{"type":"Buffer","data":"IYZj7gqD0mXtJmxKQUjH98MgYj6kwccZXDICZ0jrr9o="}},"7qhxhJwUNa+pWMYCj63Fj5zcsx5voT5vUkp/opKkZ7c=":{"valueMac":{"type":"Buffer","data":"HRTxUOLqzh11ss/O7YKzWfWFR34u2FkmzoV8cwyeLEo="}},"6lrA+078mpmjmhWGehr6qN/94zYxIA5xhH+iZibUjXY=":{"valueMac":{"type":"Buffer","data":"X82TUstp8qV+V2QSikBAJ3W/+/arJkVDulgXG+W1B1M="}},"9MxKqek+dKwDEYJUO8pfQBgMN0jDAbb7Pv0NfKHHnT4=":{"valueMac":{"type":"Buffer","data":"F1YfuxHI2HMkihmmupkR/5dYjHQk5EYwhhVd+6rCs+Q="}},"JvB/EElBFa6z52URudKZgrK0AZcHgeZk74bLdyS8Ln4=":{"valueMac":{"type":"Buffer","data":"vwHwtdlYdyScT5dZEkkLVxtvoDCCWZ/fh/vsnRgk6lk="}},"h+7kECOwc57AsIYWHe05U679vaD/TG8VWco9U/tHB/Q=":{"valueMac":{"type":"Buffer","data":"r4a+Ll+i0dZ9PIoMa6Ke54+GKotlZ8m/d33Gb6fkMls="}},"lVtUUQ03pCSzPwiJBZWebUmJheWcjmgLSaCNRe7Zbvw=":{"valueMac":{"type":"Buffer","data":"wLerZ1Y4H3ZmPRaSZcql5YPvc6ll1pMpAi38HR6wwQk="}},"/McudoXxrfq2NkAa3poMHYNXJuGEnMLSKaPcdrqtslk=":{"valueMac":{"type":"Buffer","data":"vqT/eWoYfu9uWw1psOEMh6NdHhUz6gxbGY10IhI94GI="}},"lNGaGoiZvrxqIlc1N7tPiZFT5HALFojzQUNLfmOuh40=":{"valueMac":{"type":"Buffer","data":"VkTP26cc+cmQYFCxPQTSRqRgt1PHQ26Eei/cg97OL/w="}},"DowHiJfnxaRL+y0mjQ7iyixJMiCrzQc7QRZuEZ4aVak=":{"valueMac":{"type":"Buffer","data":"6nl7jQV+B6RfDei12qEfHtl4qlD1N5NXg1ffdHxgGpI="}},"8F81pnajTu1K53YswZM0nOIJObphx067gqHk+6VayuI=":{"valueMac":{"type":"Buffer","data":"VEnQS9I0KxBNqai5i8xEICs3rbuCVOXs5Ebg5L+2zGc="}},"OREvNwpriYZh8UHiwBQd7yipLyUrhS4qNbMkMgRWyvA=":{"valueMac":{"type":"Buffer","data":"cyDuHY4QbGIxzb5sprZbbyVjK0LWVtIuByP3TKEU17o="}},"skLUcvk1HZW1U0mBPBNxqtQXppHIYgbiAEMMG2rKI3I=":{"valueMac":{"type":"Buffer","data":"1QS1O42F0BiJSUi/Ey7aIALqY8VVgbpUrzOxbft//Z0="}},"RVGcKj4tYN9o97SzzN9rmGSvKAEhtAd0m56jj5AGLm0=":{"valueMac":{"type":"Buffer","data":"sqtG2ta+eoRErrGJzs3LPMI71+yem/lusZl2I18pIlk="}},"sxsVjXgguh+MXcXXlCk52Wn1by1nCO44ONmR4/dS8aM=":{"valueMac":{"type":"Buffer","data":"iPfKYANV46ORUI2NufkxKXQ/ln40lZ4df0600ZuXljw="}},"loh6ge6zK8JgRm2hgBGJgPgC8NEDa/U7pkF/eDaI250=":{"valueMac":{"type":"Buffer","data":"5+WozFWUR8AYQugDzPWnEtAfwcjCMzSqDw9HXNYDFA8="}},"Y4iJkoV1/0OjOdEyFKbFmjXLTIUbNLd84qeNLh1GGcI=":{"valueMac":{"type":"Buffer","data":"MPLqTQFUeAZ+EtipEih/ku8sUiI5qUmaGcKTiKuGcf0="}},"yIaSN3ZfKNwhmsO5vMJATFbqTl+MDL4plWO9eSyrFE0=":{"valueMac":{"type":"Buffer","data":"9qQ86i11CoJ+dVbXKvZbD6eSNldUv/2ozEKOOkZa1u4="}},"E5jyxDGg7k0x3BFG6dI1UiOfjLxeRLJSjQoCjqwrUAY=":{"valueMac":{"type":"Buffer","data":"onCP4eFdBc+LH0PKfF/yQpv5S151if0ciuGxga+trAU="}},"85IzrDoi03k+z5gnz8sgSiq9AWMjebm567dOzsTtOas=":{"valueMac":{"type":"Buffer","data":"sSqcIMth54e9flPFPDI3tyFNsW3yEZ+EoC/SO+n05G4="}},"3rHz7+5drMTiVKf/m53In54jNgtexxFmTP7c/Zt7iPQ=":{"valueMac":{"type":"Buffer","data":"678pM30RBpziBuSShqWrdV81OZmkjnK6m6Js0UW5Isw="}},"0cf9mCQz/bADMLVVUa9DxL7vxLPaqj+YD7oWUQ4y6vQ=":{"valueMac":{"type":"Buffer","data":"9YafiBBnlNvGFazY9xGYWKp4BNnzzO8AftKJpz5WRKY="}},"EaGEmODvbVkhQR27GOZ/yUiRja78dfuJjT00G29qTnA=":{"valueMac":{"type":"Buffer","data":"V4i4ZsWpzZBQKND+ewR0aFm9lwQ82ts3zdQ/wjhwKmA="}},"w7HRd2ohHi+R9+TzLb2GfPz3+qFiRm2Eoo4mtRM9r8o=":{"valueMac":{"type":"Buffer","data":"Zh7gzMR8iTNHQQbrWnkEyDkq+PceeY+DzeuKj+X2tic="}},"RyVQXzzS9EGVv+xQ1CsXof+cMpsSD/0i35ca0AyKX6w=":{"valueMac":{"type":"Buffer","data":"lVIFdfiRx22csRrW/9AdXoVjjQJfbEUK/qIS999EDQo="}},"/1ghpwM5RD9kUrlw77PJTk6drXyo4KB/uqoQbGIDIXE=":{"valueMac":{"type":"Buffer","data":"ZKEOnGBbQxd41+g78966xlDkbHxyKsBCLW7ynlBbsFs="}},"W9O/qrKtOm5eLxQK4VnZ8JfL8/QDVglVSPW+cdG40Ms=":{"valueMac":{"type":"Buffer","data":"85QQBNU6uLeV0ur7x8UBKHnN37FbUJHqmO4HV5rzh4g="}},"eYuO0OnDkzL3NM9zuA/Ir5RkLL6UKYFnwDmr24lKzSc=":{"valueMac":{"type":"Buffer","data":"TJ5FqSYNYqM07Xdmg9iersW592Nyjj8lwDZG8EsWJNg="}},"b1yzP+Mdpg7xmoLOz+jF1Oknzs6a/oqeN/e8j8Zmfdw=":{"valueMac":{"type":"Buffer","data":"YF0VRjL39LweYXHlAbp2qde+wVLGPrLcd6gECSkDYZo="}},"ovNGAA8wsRV96T8w4wm0FrPr5J/cognyGKoHs+Ki/cg=":{"valueMac":{"type":"Buffer","data":"wVrXPUnXaCjn12NRKg0Lu/T5zb3hxK2ErScA4wXTpH8="}},"Se8Yk0tnhKBO9UZJtNW5ZAe8Zu7eIIP4Xo67K31HrYA=":{"valueMac":{"type":"Buffer","data":"FuvSB8l8VvQ9S6mK9g0SXcWSFn94iXe/cgD/pDBiZZI="}},"Brd614K37Oe+qRm9CETh4LsR2zuleX9bwTIVLJUoVGg=":{"valueMac":{"type":"Buffer","data":"taNM8Q2/p9l3ncOUzHHaFj1hCNg4lzVGXBrI+8DNGiY="}},"xDbl39/v+EylaF2oLFNqdVxbhEei2eqth+QKgR4i4I0=":{"valueMac":{"type":"Buffer","data":"HwKxh5RHBJ7752aXmn3KDWDZe1tdAIMsIe+Zy9YhMb4="}},"T6DFs4ovoGoooIj2VwORcf+L430Yh035CpV2v8DYARs=":{"valueMac":{"type":"Buffer","data":"KcXb5mp5tyXGZdQTCCKqVOpM5QcqdOtc2ZRNGtr+les="}},"X/ZcEk356LWsmKnL4CeVxKr3ipim0d+C9BkuPNBc4Ls=":{"valueMac":{"type":"Buffer","data":"OXg6BJbA0py3IKu3QWrTRGnDZNssnRK3H4oBbn6SuUw="}},"+iRx1p7BeyLz0YVLgrDwLs4Mg0hd6DePhcqvaGx4fno=":{"valueMac":{"type":"Buffer","data":"0HNYC+ojS/7p20zbGznqnm/s1I2DU43uOzJQtQgJP1Y="}},"CQD+1nkp1JC/+WrZ/v/R3dyT3ZdJQ0jpoTkINUeilSk=":{"valueMac":{"type":"Buffer","data":"I3u6bNah4gcviGncgBqs31M0BiqIyw4ATNv22yKmH5g="}},"E4oqF5XXhkg2NcXxYfa9+ghMxkrLnGTuH+29hH5vH1I=":{"valueMac":{"type":"Buffer","data":"boiep/EnMMIYjXWrJ6dxk4xIJBDyQfK4nudMDLiKTtg="}},"tAZlHOWCRUdUCJcazNCUg9X/31nLvvhKOH1zGGB9Ek8=":{"valueMac":{"type":"Buffer","data":"sUC07XcDB5gawH1OfWJMF0q85VuUClSSk8aLfNHhdlM="}},"RIjebWL6T3mY8Dt6ij6QkLQxgzhJDTYzVRzlazW2BbM=":{"valueMac":{"type":"Buffer","data":"RrDyO4pd1yve3GRWrVF+G17dqJqMUIbmzrb9SuFetx0="}},"wxO/oePMv4k/qWV0/myagOp8xDf0zMGIwliyaFOs9GM=":{"valueMac":{"type":"Buffer","data":"6s3sL1iYQXvwq4pQWHF+qcprHFYtN8++/v32RYD068Y="}},"OViqPEne1pUq/07ukWgNoKwVxjUAKhGhGcoBwcTGISc=":{"valueMac":{"type":"Buffer","data":"PHrvJ7g9GIGWaQBCjv0ExpYgWcxAwNo8W/X/znsyChc="}},"OeRnSd2sVL2hiEzDh5X9xXGW6zl752OFBkXRzUFgNK8=":{"valueMac":{"type":"Buffer","data":"2FzdImhVlDqLfahTZbm/kvBIYbS1QQSEKQvNoK6CpFg="}},"3aEZgkva/9saalqz8lL1ptJQynOjLjyi3fHfexcb6yA=":{"valueMac":{"type":"Buffer","data":"iAnPU1LgjhRkg5f7CSFB114vsX7of6lDgjbvJLOHVLM="}},"yaRmN96TepII8VEj81MrumweGIzTz0Bo9t+0NIBHKU0=":{"valueMac":{"type":"Buffer","data":"Hn2Fn4Ku4J4JUlqCCKepo0p4bWv4CSqyrSKv/1emx+M="}},"f8UcwXy6PDCBfXHN9rRSdJ37x6bE0GOp+f+822ZweS0=":{"valueMac":{"type":"Buffer","data":"tCzMy36vDTx6IGdbfgwa24AX6QDa+LJyvTDEI0NVfqg="}},"XZdpryJgAN29YyPTPB167EjLUeqyatf4i/2gr7lpPVM=":{"valueMac":{"type":"Buffer","data":"XnqBFs1Nu7JbPP3JhDO5Nhclvx6IOgwr0gQOnyAro7A="}},"CeuQo9eyOelDT3f35zNdQztf45DennzyJQUYkt9phL0=":{"valueMac":{"type":"Buffer","data":"6uxsx7y/X0tDYPWSn4mgeeLxTA2yzi15i12aU8daiw0="}},"7YsPawgM/WnZllR5ato/lKQ/8aMWEsyVdZqKP28L+SM=":{"valueMac":{"type":"Buffer","data":"umnnMAYe1gRnE99dAdJgi3CMVcv9e7LT+ebZG41olLU="}},"aNbbhzlAIMbM9fjLc/T0Q9rFiZ5JH/YidekEj4xWChM=":{"valueMac":{"type":"Buffer","data":"p5j3PGaPns2ssBh821XcS/+Qg1P6xbAQAtkW4614+4Y="}},"y1D93bRtHFImA9RG2xoxksMYlsMp4Viz2z7XZyCsb64=":{"valueMac":{"type":"Buffer","data":"uciR89DTYWDP/vtC7mNjWnlcRx5jK+L0PfmTxWC9yZ0="}},"HoUlBfw0QTewX0wzlGsUKGXdvt2gHZAAkWX4+Xcz0EY=":{"valueMac":{"type":"Buffer","data":"GNpv86rbYqwXGdbsN1fln9Nj6A6TpfozDSIBgFqnAVg="}},"g2dKiSIUIQnGgaZv7DMZ36PgWQSE9OGxmKN+agZuFfo=":{"valueMac":{"type":"Buffer","data":"LdCiUy5XKyB7zCYU/KFqUh7NTmjQqgeQsJwL0C/Rquw="}},"cYea5oCCJxhUvG01dpHLvindYoe3CzqMdBcOZY5Tws4=":{"valueMac":{"type":"Buffer","data":"lxi6VD14/7O4xBItdPjn5bb8jhtJhLbrnZbccxVOGnA="}},"q/6bYVpJuntIbcQyTFIebb2Yotkp7wUv9oIxiuOorQ4=":{"valueMac":{"type":"Buffer","data":"+5uyCOjZqJ0ttgqkaBK7GAC65NftW6s6sXf5GDHvuvI="}},"1WNuFLkw+rdLZsA2sDKsv/cfI1FBV07RIEEkrQOCIcE=":{"valueMac":{"type":"Buffer","data":"mtp+r4FcJd9+Jf1D2TcW+efxM7tgMCVg7QH8Q+Es0qw="}},"0MtonKbu/wIpq2eWygEzigxaYP+SRc/r2g8xHNmSP0E=":{"valueMac":{"type":"Buffer","data":"B6r+Wz7mA9C1ySTSpjluHL8tds7I3Akc188fH2ev9Y4="}},"FVAjUuHXoHPQEvSmqm2dV1Ui28QGyUAfRe7BJep2Mek=":{"valueMac":{"type":"Buffer","data":"Ixd7X/SDgnUVx5mgzgqELMOb71cr39b0vJfDybjXe6I="}},"coFbzsKU/szlbnfTdDDoifFNzmjU+3kvacEru3XKJRQ=":{"valueMac":{"type":"Buffer","data":"Np23EXzVCI7/zTSB/VlNrtkftXS3/p8YfURe1QyPhIc="}},"sUx/Y2yr+MMTqnchG5Z+Ty+6MD6ndVUAJGU+BbcUqKs=":{"valueMac":{"type":"Buffer","data":"IXDL5Kpt1Ty9VNWmkYWZjvS/Sf+IooY/Hi5VfJ8yaoE="}},"2tFpAl28c1nkk3iALWMhlp5WGoiv2aKOjHqwwHEC0tE=":{"valueMac":{"type":"Buffer","data":"cGj7lqWrucjy6a1gMNcJiveJzyWdba9oAmbYOPLRAEs="}},"9gAU+Mu5QtzDSUCIIMh4Ak5xnOYv6v9Laqjtne/HhbQ=":{"valueMac":{"type":"Buffer","data":"z/qN3pCtj2ZmMEOhGQQrR9rju2bM54iOATCd7Fr0i6w="}},"dXAQaWC1yY2tlmkkJM7wX/vyuZMvxkaFVjaXxuhlq74=":{"valueMac":{"type":"Buffer","data":"UaEk0qI8u8+RnDWs+ZpaV17jcjiG1KedARve7j5jqWo="}},"UT1B13SQ0o0KvbMa6CbSl53aUSrGOeVRgnwjR0XHLok=":{"valueMac":{"type":"Buffer","data":"BJMHyvR/Qvp0yewEpXVSWjelZ8TX0wn0TyuBbpBQCUA="}},"35F2cX0VV8pgPodoG6QCsSXb3x27UpBtQE9VWP0jTk0=":{"valueMac":{"type":"Buffer","data":"aatsuH1RrQ9/D+1spT39B94BBnfXcmxp8caAQD7lEOo="}},"g0AEKvRhGtcZ26w9xlAq2lgJWNe5WgoD4NV8d7y4JQc=":{"valueMac":{"type":"Buffer","data":"0n23lnBUoXINy2KMQUmHMTSa507g/iFIEIrhmg7PplI="}},"s6wMILaQXGUYBFoQcxd9uMtfnzGZuP72pX1YRo+WZLE=":{"valueMac":{"type":"Buffer","data":"DzGhz6JXsjxctmpgK0R98y2ec84TwAQUx5kdWyPqF8I="}},"bJLdh49d9kwEIIjSNkt7v8skP4huFBmOFTnlMo1LUyw=":{"valueMac":{"type":"Buffer","data":"uDKtwEJ6ibgLt15wA8z6zetO0QZoVaS++0dDvY3JUjo="}},"AiT7m825nZSxcccPoFnmBY/bGcIT3S41af40PmFkdAo=":{"valueMac":{"type":"Buffer","data":"sD7YigJI9hDY+CHCMWEhbCShAjpd1ubnPmfrNMuMmdA="}},"040CGuBCsU/PDvWWOQYHqf0hmn5nrbn5KSfRxKi4b2A=":{"valueMac":{"type":"Buffer","data":"bWWW1SvkPCmHBfNBYrewo4Lrh26Ch95700KseVx64m4="}},"uA5dXJWhi3cIT6bJXUADeHk+ui7OQXsngUPPNLD9JOI=":{"valueMac":{"type":"Buffer","data":"8zc8RppB2sb4ozCLTbsDpQydI7J6H/bhCOSXGB5pSp8="}},"wujTlGL+wqSo088TQVoNQWTRfQy34gmg8P0Ir18/tjk=":{"valueMac":{"type":"Buffer","data":"uJhyJoaz3Dr6AlG33U8FHwpBCLX8zFMPMRQwt0y4Z+Y="}},"eLCMIjsrZZ0kG8/yNz6W8Tw5+3wY0UKQclIjCtLnV74=":{"valueMac":{"type":"Buffer","data":"s4T10/lvBdo+lFKbUBmr7qF05TUmU1HDdkJoLJd8A7E="}},"OFeWPAzf1PZdbD3kh+81AUNxPtJf91Z0aGGl5AIz6ek=":{"valueMac":{"type":"Buffer","data":"/lTB3ihWXIQIJMhMbMt+PWbKUBAwC6zWFrC1S1LUBU8="}},"bWVIAUkqLcsJoOuBbl61EbJIOMx7kDAv+RFCXGXuPLs=":{"valueMac":{"type":"Buffer","data":"TNNeYwFZ34Cn98Vb4dfSxsSZ/h3LqTu/eMM0zhTxdJg="}},"SfEtO/D9DAM+quq0eit0LmX/anxLfEzHlxMXAFH4nMU=":{"valueMac":{"type":"Buffer","data":"P7G1j5CVfRr1NH9XnvXPaS3EOWUR7MN5Ea9uasaxDeA="}},"CYWh62OA3thhXTxIxXzPneAeGOQobjsq+sggtKRTCBo=":{"valueMac":{"type":"Buffer","data":"VEQKTQkr7Ji6s7UhkMtVY3lt7WcRMsquOSIu3Ra/bsc="}},"cco8+M/8eH+1oGnaFLnSt3p+KrdM8b6EDYVG+ftkddc=":{"valueMac":{"type":"Buffer","data":"HnVUCJJM/DVchJ35jnj+JYY07Fhzw49/Ys8Bgz2pGlU="}},"MQ4oZH5fjNrfC+nvtDF3ksoBANMYN5PdCBZqFaVIZUU=":{"valueMac":{"type":"Buffer","data":"2hJAwqmxjwAeuaO2QcJaY3bWkAhe1u1BnMn6F9CmMKk="}},"Li9Q0HdnprJhOmTMf3P7wH/QrPZcxnOdXQPTxQ0FVbg=":{"valueMac":{"type":"Buffer","data":"yPsG2GQSVlNCmz+tiIAcZDyD/hyEaFQO4AHuFMOlYgE="}},"kB51Ca4Se3L1B1GDIWd6Ee6TvgAnrBzLjn6wRdUUero=":{"valueMac":{"type":"Buffer","data":"CsTONFx3p1clc/aRw3pjdmjJGqANEMO2Md9OowUneFQ="}},"9hkTIGKYDH5J3e0Imvo29mdilLVqJDtkVlqY7u4/gxE=":{"valueMac":{"type":"Buffer","data":"jhtevls6tlcirmRKK82IoOCywk882w938vsoPjZwAxc="}},"EyD2+8bSgSBf3rY69gBnAl8a2CIlPy9XAXWs5DVAaOI=":{"valueMac":{"type":"Buffer","data":"GSD2E2SiokxSQp1G4sPf/33H2ZrRGwJu5451ogzW+Dg="}},"aVX2F98nf69nUkOXeeMukgA6pQFrKyUUSnHVgfFjaeQ=":{"valueMac":{"type":"Buffer","data":"zjb8cF8GZmb1Y60EDpE4a3UXt3IFN3haHRikPCucya4="}},"qzzNSo/7lpdHMofRFxo588ASmrLzWLntBgon4tVi+Dg=":{"valueMac":{"type":"Buffer","data":"sQqTCV/GmbeaASx/BxJLrhgmhqw9+3ZlFPwQXjFjlEs="}},"cvsQ078BhVQvmN7l4SbdBdsTJ5X93TpORZoIeRu3UWo=":{"valueMac":{"type":"Buffer","data":"ihD/6Xm/bsXP/7iRHljeyURZMaDwFSA4uwOM2EbwmBU="}},"Pv7AzPX95r3YEU4jONVT+O+rMLIyXtM4dfGsuhX3u6o=":{"valueMac":{"type":"Buffer","data":"vav1RW4Epge0OJS+k10geoKI2hX+PwSrN0dFMEgGuEk="}},"KHqXTOxgt+SWneIFYmhkQmHZbF3DqzuGtNgrvT3u1fc=":{"valueMac":{"type":"Buffer","data":"3ZEIVT+9jomhTUgjP/RC47C3yYmnTunY9b14k0p9CZY="}},"KDl6g8pjy7PVpFR/jSSUFWAepSiLVNdbe/dzHYrQ7Pw=":{"valueMac":{"type":"Buffer","data":"wOwG7UZUXlhfFMdz4yqvDYzSYjR+0XpCUigoxH2h8B0="}},"OItzipVlmH1CHd35p10x53MGtqnjv/+oLR/rQOYTq7s=":{"valueMac":{"type":"Buffer","data":"OYYraD3QfrpAVZ7YALjYkHbf5uWi2PzveYbz7RiwSV0="}},"AkwqzPU0PXG0duVwSsnOzOmQVt9lwSC5AoNdDfU3a8c=":{"valueMac":{"type":"Buffer","data":"hDiVzXr3psQPg7OZMtaph4OpIgkT7xm+BPzryQoXy+U="}},"KWtpj4uBxhGNfK3XpkeWWs/4jdjNl/I6xhAzbZ6rLTw=":{"valueMac":{"type":"Buffer","data":"IGybE4PbLTW3xy9oiHfI/jyXYVZrM7pph9wRpx4T1fI="}},"odgBEcjr3LTHjJ5WVqZc7H97Wk/KD3Mt4n+UJPF/j/M=":{"valueMac":{"type":"Buffer","data":"rmpp4QWxGl+Opig3d8rYEc/lD9uzXabJEpXJ8RcFOaI="}},"orm8MHa9e+8EOJnWqY6p6fH/D8hAlsu21cczhbexk/8=":{"valueMac":{"type":"Buffer","data":"baHUM0YerxRlB7QrxaCDvMU83PFb7m/3kkrYHaKyCT8="}},"6I+gRQDzTqWVeV2IXt+QZIbUZOpdMQU+PJ8I18ZS3Hw=":{"valueMac":{"type":"Buffer","data":"sfyAry/TeWFSstaqlIE6dVAxMb8ga0P7Qmbo4vHPRtw="}},"M9woQw8qeRDWp6LMcfD5mZdJEvkXm4qJ3tcncEIU3LY=":{"valueMac":{"type":"Buffer","data":"h4ejVqe50xtfz19BKz4BSGC4x24Dx2IPeLvaNxepB2s="}},"5cmPv4KvfuG5VWOTFhEreJ3OdBPtKGybR1bYZI0TTGA=":{"valueMac":{"type":"Buffer","data":"veWSt9Gnpo30tYb/iK1YS1ZCDppZz7rNKkkjdEBxYQs="}},"T/hzaEmWUxqhHxw1F16MDvUgl6LScTshyELzinMBQaY=":{"valueMac":{"type":"Buffer","data":"M0CdwbiQx4r32JFRrGjGlR9hoU2laQ3RK45Y0MrlE3I="}},"fNHleBwpcMCibkgjR8bLoFa6trsEQASG1YnHJDYh7es=":{"valueMac":{"type":"Buffer","data":"KxJpp2PY7QBJLquxWAUd0AH/B3F7E9utuLCtW2y2uOU="}},"RGGFScIZqefA9FsYvS/IkIKYRqMxramvCkT5t07cEnc=":{"valueMac":{"type":"Buffer","data":"urvFuw9/vCPNLqPhn4OTrg2j94RduB44RNRUfxCeBUk="}},"plsa/0RGbnuR2pM88CWmc9CMM/XRT5nRFdI4SNoEKa8=":{"valueMac":{"type":"Buffer","data":"C32m6f9Vn6UxIpfHebOBpO/kGGvgHGHEVhyX0uCWXU4="}},"9TBQTSCyVe/DvRkioWfSEpR5zK73CxO47H/5sRJO+IE=":{"valueMac":{"type":"Buffer","data":"s4QttkhxAlhTDoW83nfLsH4YLqJcSFE1JF4ebdDag+k="}},"9/ae6WgnT1oY4RttFFV1IbBgbZBUiYcHLbTbI+t7TBk=":{"valueMac":{"type":"Buffer","data":"VW0WRVd1zunpvXvwWhb0ndotnR1Ip2Z4qICVahSSXks="}},"7uL0dlI4vJZfDFZFiqrAeMBhXZb5SSu1/eNwR9CNEGc=":{"valueMac":{"type":"Buffer","data":"Mlowd8LKGz9UZFLvsdu+B43kdKlfMy7z4O6sn6wKqi8="}},"5ekanZhvlsT/ndPFpMU84ulK3KnrczG95l68XgYYiYw=":{"valueMac":{"type":"Buffer","data":"0tUiCgeZ3D7hQw4q7AKtV3JkZivPU/ZDTl3G19y+DlU="}},"a2mYMoVFVBWXrS+fMLgf7EFexbTWYZ+KdV3ASxXtZCg=":{"valueMac":{"type":"Buffer","data":"ZBXOMtzOqIH4plQlMTDXHHKA1S1R4g56t9fA8pUZ45o="}},"qmpQVvOQmfiuJ/fP5razdqfPtgyLoloDB3fmzGAjnqY=":{"valueMac":{"type":"Buffer","data":"qYSuGDzmhw1TzTAf38Vul0oGkIGmRJYMKr1uBtQpcLQ="}},"/ONB+EFbZr48Cz/WWmIMR5UY89Lkxz/hvxD7uFfj7A8=":{"valueMac":{"type":"Buffer","data":"PB+bi/MjWmHebZyEfsBmH6SEA50656ZOZMUZ1fLpYkQ="}},"ntwagUrmOowKdOn+n7mNz0UqZ5ZS30i8JmZKT+5zsgM=":{"valueMac":{"type":"Buffer","data":"9Me+b4FlvgfoHy8l3cCXQJzMyhLdS2FBa15Es/OPp0Q="}},"7j0SOmEYnl3iNxEeJIm1LAPGB3Y7kfL4Nye4dQNa7eE=":{"valueMac":{"type":"Buffer","data":"ya7SgAviuejmoLAq7Z86uUs5QbqKuuRlPYrzqr+78gg="}},"le3LAL+hq9yFdiQIfbSdNr2xbKj4Kl4/ea4X14amwZI=":{"valueMac":{"type":"Buffer","data":"JoGEPI0ENP+XIyXv8+O6GhwyNplQ7BKfiNdX8Qp5pjg="}},"NSqz+C87xh4dYt9Z+OP0iBZbB3kts3AVST9oAqWruDM=":{"valueMac":{"type":"Buffer","data":"+yag4E7nSSW57tqXMgziWZqRiaiXyb7+dHFqLLVB9ZI="}},"atqu+9mzdxIdrGBAx8g1thGIEcWoxMgQfWuk/cwetxA=":{"valueMac":{"type":"Buffer","data":"cjvrq+rhhKGWGb6v8Yw2efe0/rFbcPOc2C6liH8Wgiw="}},"jViFz1V2K7X0HRJfOrGNo8JB3BPibZOU0dYNn4l/OsY=":{"valueMac":{"type":"Buffer","data":"IK8GfXuc9TlQI8mqnmGIyRVsO0Nj46FX/FyiP1MuubA="}},"vK30y0BfhYP+9MBuIaqBoR61Xrs6+IeAwTkMziUDBjI=":{"valueMac":{"type":"Buffer","data":"gCFEtrvgQG/iqnWdI+QU2SNWyICu96HazLkjd1Nfmrc="}},"uRQIoP8X+dtmn+85coVt/8Q9jSANXEBkg+s2CQcCyjw=":{"valueMac":{"type":"Buffer","data":"alAvKLl6mQQKrS/8sjQJ2NfkbxA6Ps8zo94YzFuMMVw="}},"Cfiq/eFWxgOf7hsGR319anxFaYQt5IIVXUvgP5Ltc38=":{"valueMac":{"type":"Buffer","data":"6DSOdO6lLF5ZKGPOsBevlxL7NmnCf+BE9ma+hkTZrz8="}},"tNWtsDEfBwBlZaj4pI2KaBQF9TGLLEob8BYE6QjkMhw=":{"valueMac":{"type":"Buffer","data":"y+WgyNtD0fnxa3uOKTwNK+FMAyn+0uXJshYZUQmeEjs="}},"XU0NOcUQyXUFI8Qgu4WCpV0vOFuCjQInFbz4vb9eSfI=":{"valueMac":{"type":"Buffer","data":"4uUVFosUiwz4v0JSopHVqeMOBWBvPXqTY3d/JjVXen8="}},"6oADt1eq2G2ZXzPf9qUFfZuNdqmxDyt9JMbTEWrOr54=":{"valueMac":{"type":"Buffer","data":"UXxkuVt+SLV7ahD7/6uBbf2n55eox2Zi8GIez5wAXWU="}},"J3YXBevhpkF7XjSF19JjNeJaluyaf3Mm3GVkkPPhKqQ=":{"valueMac":{"type":"Buffer","data":"wHbSROnC1inrEnP8PMz4G+/yg8a7K8ycel7TYMowP0k="}},"Q5EdGTGH77IyORgDBDY8y2fvSzKwYs2j35ngSVjr09Y=":{"valueMac":{"type":"Buffer","data":"pASPNUtjX0e5Uy3U1qVi9ZbAvBgMlB/Ci4j/GZ9mFog="}},"EN3L5C3WnJ5KDqk5QXeV7K0KCiRPrCugOQD1p++bhQA=":{"valueMac":{"type":"Buffer","data":"0Omf0f4lyBURJG3pplEdswXTjjjjWsTWbpNWWKneGMk="}},"DpGRCFuzCAzXSMmLxrIRRiuVCTsyXj27tp2IoGJ/kT4=":{"valueMac":{"type":"Buffer","data":"kbI1vvnjkd/nxVJ2LbGjM3Vlm+hShnNLZaiTVRC6NTw="}},"9YwGr+wKt/lrav+JunQgFXPTreXEEEsXuiONeMGBVow=":{"valueMac":{"type":"Buffer","data":"bgTICKrojHjyA9tQSohXPp4JAoGclfUFxIcoQEQyM54="}},"5HdPriEuFzhmL4gJy5BkLk9n83/JFr7yLYgh8hDictY=":{"valueMac":{"type":"Buffer","data":"8jHrz19gLvP4ZU40EibIYbIcUxHNYBDOXm/cY7Lpxys="}},"l1sfaQYRLbPEZExTgoD95iR6ZeME2IhGc6efNCFNbL0=":{"valueMac":{"type":"Buffer","data":"ra/mVjf32lxaLxJIOaQiK+femE4rRv0P9blmWuerZxQ="}},"dLZXf8OEtRIX/2qnEYam7nS7LKORqcahbaLcSOXE6YI=":{"valueMac":{"type":"Buffer","data":"gzZfbOBY1cWXzzlivqJG0IlPr8kRks8ooRQYsBjOmj0="}},"A5zM4Llv0VhugTSbd4HuriIA456pwIXq2cjop5nwyJo=":{"valueMac":{"type":"Buffer","data":"K1YJDz0KPHuBoKsP8Zp/ihJZNSdozlHo0tyIc309c6k="}},"nUkM5pdMiTnPyObjCOhQmPqAOfI0CASsnCEeBJ9bMuI=":{"valueMac":{"type":"Buffer","data":"vcsYLqty1U0+1SfiI3yFWqHPWmmdCGquJHNz7NinZo0="}},"SrVTB8azlkzxX6cABVNViEAbZ1jHxAXihB5fPP4zHZc=":{"valueMac":{"type":"Buffer","data":"wbKqpJbU8XALAlNTrij3W+tZAT70GDUGmm1svE0fWC0="}},"AVQf6RBg2KJv2/5Ag49V3UlSoYU+J5Inl3YBgy0O2F8=":{"valueMac":{"type":"Buffer","data":"7Dc0tLsM4awRaVO9lnVMKrTs6O/xI4WAcv1iukHLR9Q="}},"I7ZOwL36Siaeres9cvjTGdKdXtajBoPehiw9xqOS4fI=":{"valueMac":{"type":"Buffer","data":"dHavzpkcF9Ecmdq0QGMJK19XnDycqAytRyxuNy1m+rA="}},"1uhIHTtoY8XXZ8ARvjT1yc6U9MCMfHile4qx8M+UfSQ=":{"valueMac":{"type":"Buffer","data":"gUVbmmTXa7sh9unlENRiBjUYy3mz2LC9hbyFH4jhsdQ="}},"k82ewKODtAau0OyAfdQ/kheUqsKuaFXmIEODSkoTRfU=":{"valueMac":{"type":"Buffer","data":"KYryGS4bQYyCPieuVpFWT+u5Qp4snZRVjj+ex6Ncc+M="}},"IAsZEO5kShiFeKbM3PD0AM33J/D44kK4Hz4dYfHbkEo=":{"valueMac":{"type":"Buffer","data":"xAxD8NwHQw1hO/YnnAFUikV2NcvrPgM733LhBCKo1Vg="}},"nPVu10cU1qMD8bYSmQ/Wam4mccHWxfdrOUoO/uXFuT0=":{"valueMac":{"type":"Buffer","data":"DVu6L9pUuTr7culCRnUuqS85QCsOjVItGFPjLp29KUQ="}},"JlgO1VEIAZFHJKMvjbCI9pqaWZnbM1RDGIxwjpGTzI8=":{"valueMac":{"type":"Buffer","data":"3xQ9jNmbeAhII8CfRJqO0T1yCO3S/8uyYGhUO19L94s="}},"zxuF4cYGfjO8saBgMclDfzfv1EWN1WVQaTylptzj4pg=":{"valueMac":{"type":"Buffer","data":"lC+ZH447faxOk/lHYxWYE9AkT5XeG7ex+C8gVRvaH4I="}},"PRRsjlwOgWp5j/+PAH0PCeEVdtL/TdOUml37ghDvXbw=":{"valueMac":{"type":"Buffer","data":"nJkGy9W4ZAg1U9PxR2GNhxEre1GJKxOgnpEL98Nc3FY="}},"YRbyxwrqCkDTCXCe60pvKLqJthg5nMn3XXidiZlDI40=":{"valueMac":{"type":"Buffer","data":"rYDmKnIsIWqy+9LudmUfe3cvB6QhEG3k5uDXc51RtQI="}},"dmM1UJBfa+mb50UZOn//xfXyfEn9Y+NzJspdPq5gP10=":{"valueMac":{"type":"Buffer","data":"krMR9coNk54MMDlM7fs71t2mQ2md+BR/sJW5/spULQU="}},"ZkxFU+8nvW/pCLo2t+FpxRcFTRxiG65M+YJzu76Tw+s=":{"valueMac":{"type":"Buffer","data":"tqEqUEwkL2hBK3v8CbuO2O+Nx+hNphWSzfxrsE1Ef4M="}},"pcCiQfdQ9DOwqeLTe6qFCu/SJg8uo1Di6lMxZAoeAyw=":{"valueMac":{"type":"Buffer","data":"TlW3/Myio8fWtaZVX8shoB1MffUaxClaPvV0CrmyoKA="}},"ofu5qBVYYC2YqFa2V2UxM+/vC+4LRvkfGKSqe719Ijg=":{"valueMac":{"type":"Buffer","data":"NlbBkLiNW4VbCa45bZX7gnvdXbT4rpfWDzmXINBMdA8="}},"N/Yd+47HuN9phrDU6Are93EzV9Z88e8477cvov94juw=":{"valueMac":{"type":"Buffer","data":"rcERKpc7nRJudctvQ2AZKl0S55D9jgc6BLxPRBAnxbs="}},"g3psfpzUjTbF11Dajau+AbUj+JNk9aHj2j5wX/6nwn0=":{"valueMac":{"type":"Buffer","data":"HmTXQPXn022S7DeFw0vJ5jpOyz/PrA7EyOWBJ6IZd4k="}},"zwMPwO28MR6S/qS5mj9SbO/kAh+xGzfYjww4DHnFnBM=":{"valueMac":{"type":"Buffer","data":"jRV/3iylMbZ+wnaGNyCq8+Ya5oVn7Eoa4PjMmyEt9w0="}},"8OCtR9yWDRB6ggbDBOVB02+dHlu3v3bZdnfohlf4O7I=":{"valueMac":{"type":"Buffer","data":"sw3Zlq3C5ljM+Gc/H0261dmfqfnTnGs4FIult3fjqLA="}},"xPNn73S2RdtiP/RaepxyS/PzgtjOfmZmB/EoCafhWQM=":{"valueMac":{"type":"Buffer","data":"dgA9JHgzKTIVyOHOQlpgeDB8riNECoy+O1Y52qvLeIQ="}},"5fQmlnqCsLk1EUTtN7+WJTsiAPdGP0aVYraQoexQoOg=":{"valueMac":{"type":"Buffer","data":"4nHwAhaaEMz7Yey5NaY8U2gSa542fid1NO0ijxFS3XY="}},"pCO7ubRRd4JOv0dTUPdpB8BB/d8EEDR89PFKYzfmR74=":{"valueMac":{"type":"Buffer","data":"P3/B1+jWCAc7nTt2RTII2AWVldO9W4kh33qKuS50ytc="}},"+iq0I+h0i0JpGjWmxcPvj02MeA179Dw/WiIY2yH6AaA=":{"valueMac":{"type":"Buffer","data":"Rp27xmZqoatfmZ7dbIA2Zkps1EG5VuLgHotIFsmY7wY="}},"yWPMesvOMZr0EG7JqT9V59qZCodOXAsIA9DMXHnAG0I=":{"valueMac":{"type":"Buffer","data":"5sygL1uotbCgi/1IS6E3fa2WK9pZhsVCzyBBR7fEAVw="}},"5cjW2qVCqwPTGfSjfT9kbsbBQTvLAwQOhCR0ZbdMuG0=":{"valueMac":{"type":"Buffer","data":"y14u40vyhsXtpe/d5SKWDma55EZpcF2Hy80Nrj7aF4I="}},"lcScv4VcuU+X7xHwrxNjgrZJ2tmLqYieNgtekKyQ+Fs=":{"valueMac":{"type":"Buffer","data":"3FpgShg0BQb8UCD/pKZNZ4YOpoj3ASJ+8jUGpCwf0iM="}},"FJ1JfC5gzZToXPW3ldT1vD5TMXojreIdDfTR4es95Uk=":{"valueMac":{"type":"Buffer","data":"jNMn5rNLlHapF6fGRj1XFnyPdTubGxD/F6h2JKDucVk="}},"GNyK+MEux3P8IerPskU/CbS3xFqTCSC1JteqD5jY/OU=":{"valueMac":{"type":"Buffer","data":"dmjP/bQU/bCfbECSp9dnMWaFkMNaSQw3Q0XLR6EQzVE="}},"5gcbOyp3p3423/LD9myZAdTduTRJodHVbW7tNlloHcw=":{"valueMac":{"type":"Buffer","data":"WZS+ISoV9dnoD0Nsy1RdDz+6KT4ODdVc0Ib/UJSx1zM="}},"nI1J0kOE+hg7TgVo1VSqG6eYCPXSVjbENqiS/4JkHog=":{"valueMac":{"type":"Buffer","data":"9eFtzcMe5VQ2p3G8wxQoE4gC8m1/vHlwgSz+snRhU38="}},"/P7EP5cphHz+c/iDjRGnvyfngYZ9ZzybdB8yCI9YfFs=":{"valueMac":{"type":"Buffer","data":"PcZoHdpf87hrgljEfKlKO8Rw0bb8sk3vcpWqb+0PXqc="}},"KTvK07czXvR7pB7ffgK4QdOpFEdpNihhge/9MP4g5so=":{"valueMac":{"type":"Buffer","data":"GtlfAfwTCMVIqx4UiITotJ+q+nOOr4o5UeiJoUm1x/A="}},"iWL/AS8XXbHPDx2px2XGgXsd+jasFbawEiTLC/Anj8s=":{"valueMac":{"type":"Buffer","data":"DwbBnUT+JO2Vv7uvh970YHNSXJD/aICg0Q7K89IkOd8="}},"NZjAHshlJyamv2j4ZFwXuykbbM6r/EidyIb/FMtSZGY=":{"valueMac":{"type":"Buffer","data":"MkT7MSRS3HPS9I3gojAzHKwdXA3nS0trBcxxscGra8E="}},"3ntdUGb2ooyLm+aftrAGaDmmDhjE2Z69fILCYQ+Cboo=":{"valueMac":{"type":"Buffer","data":"7Zlq3HkKNiW0l+htt8ErqV74CsSGQHh/qFlXhTZYSPs="}},"X031RcIGuXUJAfQIdkpoP6iqof/GYK/qlT+3l33nqvo=":{"valueMac":{"type":"Buffer","data":"L3/76Mw0oAB8z7Yottd1Rwhc/inUvF1vhIsFNFjEpF0="}},"9+ITGxzngD9Cz9R7JyiuoTrRaqzl9bClxstZe9x/QgE=":{"valueMac":{"type":"Buffer","data":"DuVIYwyh7UtqGfUfLVejm6/ur+53FSCiLfMlj50Omas="}},"yOUJmOHg9wT0tWUpqWFh4xacvZASbX0avbGx+0x2/hQ=":{"valueMac":{"type":"Buffer","data":"X9t4OmZDSmlC6jvqMALCIBSEWbWRUygIktdDLv0XkKg="}},"oOIBNfuENFruJWyi2YH998T9rjLXvvb3PtLMlldWJbQ=":{"valueMac":{"type":"Buffer","data":"Q+7Z3XTb5EOdChAc/V6WWjPKaERvXPOf9SVfH/cNbNI="}},"jpf/ju2cwyxQf4QphltE+SjinZZ2YBpcQkOm7X4Fmso=":{"valueMac":{"type":"Buffer","data":"mRLQpqR23mLl8MCtglOvOlJs1DudGdcKDe4Hilyd5Z8="}},"CTmkW9Xj5J3b0PRCI7+R9Rep24pRjRhHsmn4xamwcRk=":{"valueMac":{"type":"Buffer","data":"P4AahQ+/ufqlLCT3GwZf0IbRQ87zYQPfEcHT0Ck37EM="}},"MilCtX+G5Q97Fc4Vhodnh5GavQSiLj0rwKi0ICtUxpA=":{"valueMac":{"type":"Buffer","data":"FAAZty3YrlPl7NGjSqVWWHj0iNgOYryOGwlylfnjrcA="}},"zSWyToI0A14iKln00E05Tj9TpfhM3BSqaf9XNL8M23I=":{"valueMac":{"type":"Buffer","data":"Yp+hZpjsMhJyvCxIq1hdbfezKHpcQcRumRzQvjsCIYE="}},"ilCXK8EgU59rgn+KZleWPDOVAjVIiKBy4VCjSjZNIY4=":{"valueMac":{"type":"Buffer","data":"/5Ge092aXH31ABkQx7Ad7KyMs9Dzr5m4uTABrPO93HM="}},"VXVK275BMYJb/JWby/Y/4ILKWHliOsQ5g7rPzHztcFc=":{"valueMac":{"type":"Buffer","data":"7+Jm+eFxkv5j+BBSkAGQSALR/KYzprbC83Dvx4M7DbY="}},"CbhkmTKEHBrAN6whEC9HRzWFmw0OyurhyCoBrwLaf4I=":{"valueMac":{"type":"Buffer","data":"59Il7PCQVGS/Ux/87iSaVYWobCP/fDy+UnFTjf+V0tg="}},"QI8PMclP0975yna3ynALdaSvTrVSPlaOof1BBUTBmSU=":{"valueMac":{"type":"Buffer","data":"IoWFqfWm3KVMOeK7qw98jOyQ/FyQiv4cGyNFpco1Ub0="}},"Lq56cMWore1bdPk6sbXeBIBIQEeTV+yBYKYX+WjQUyM=":{"valueMac":{"type":"Buffer","data":"qnyztD71fnnos23lEHliVpB0IHmIS1zh+Ilmd7PMbRI="}},"Kh0h3HZPHFoox1EW6JP0koVVDZatY+o41IOs97nFVrg=":{"valueMac":{"type":"Buffer","data":"W20LPQEwnsxbPplVrJDypxCx0iFPOO+jMUJRPzqVGL4="}},"lN0DoxniLpYx169DV6fyrM6VgyTKCFNun0W8MoD0ZHM=":{"valueMac":{"type":"Buffer","data":"cTirRvPHmomR+lmeEq/6nH5Hx2rmnMJihFl5Hq+z0Jg="}},"V+NJBREmWiPdxZwtMi+qmqOWqVs65OleNn0ppWoFlxU=":{"valueMac":{"type":"Buffer","data":"TgN0jVj3h91Fk0OWaOmRmaBsDfDrdQa7UULfM7ixfAM="}},"qwNJ6DS2AdtqegB6OU/gwtVTelzzugMp23/HejzcsdM=":{"valueMac":{"type":"Buffer","data":"4CQjn74F1nxOhj/HOK2hQFa2lYjGzJm/zUG0lEJxOgs="}},"Vpl3XoSgnG1nGaZwJpyFO+yubRV4iygzyDKFN2RIARY=":{"valueMac":{"type":"Buffer","data":"dVq+7ncJVg7gdtvMEwFqK0cPgFTPf0O3a16nDj0bi2w="}},"cHtT5u3DeAeqs2I9f/5xj4GpMZ6/G57Dzlt+bjnUOS8=":{"valueMac":{"type":"Buffer","data":"3ahc+kCfRiIfd/w+bphLDGzsprmnlGx/QxPGeI3rAG8="}},"KYkSBvb9UV7+7FMpGQ6hAtbY2g/ro40wXzEqMKevu84=":{"valueMac":{"type":"Buffer","data":"X/Uxyt8g7vttNxqvuagwYlyufl6jB6CzxQ4GbzWfy04="}},"Na6bTis1+2lRmx7WxttnQWcSDNRRyXzrYSN348flop8=":{"valueMac":{"type":"Buffer","data":"Ij+7xsNpzO+cfHA190J+3IUKacb+ZUzFXx77eE/y1sw="}},"nIJYV5RqWNSLEgQr9qktBsCo2RdglOp5oWRr/yX3Ivo=":{"valueMac":{"type":"Buffer","data":"g0hriJXGxUSNKLHfr6fuO5E4NIbOEbtRpzq58sL1nVw="}},"uSJtzm+1p8NkO4a5stbLFdC6uzjz1dl1rCUFpU8TO/M=":{"valueMac":{"type":"Buffer","data":"FrDvKbN8TY61h2CqJ41ra7MYj+agaHQfPxB2fe8hFgE="}},"gIvNilx3TrvOYSnAd0UukCPo1YbYvUhdXOGCXlLk0n4=":{"valueMac":{"type":"Buffer","data":"AgqqLY1dfvIs6SMlwYi0CWbBDN3ia0PM7YFfh2WID0s="}},"lEkw6ze1cIMgvp6xtJpfs28ViXmsdjTuVGDAN+3lcPo=":{"valueMac":{"type":"Buffer","data":"m7kpUnqVmr4PijGqck+D9qiJYf0Zvvj9Fxo7SgXK9io="}},"h/qB2Ef351+OrzaaCFr7tiXfCG8Pvj8bUH/1vl6+r44=":{"valueMac":{"type":"Buffer","data":"xwQ/2TCyrx5d02Do+YjYkJpUaqi+he80wjdycLFyb8Q="}},"LKgm5QCWLkMHnQEBllXOOyfzlWsp8N6J/JcYgBnxkko=":{"valueMac":{"type":"Buffer","data":"w/bMrg42P11bAeRuzAMpr2S+I45DMXYYB9aeiLe1bFU="}},"oaPHOFDyX48Eiy9VdkImY18udsUXFW28NZwaVABUDS4=":{"valueMac":{"type":"Buffer","data":"2Clfe0l05MRSLi7LQ4l0q5T/icgqX8x9POLbu0WUOUE="}},"T4wKH4VME+xAa78lu1qWIT6r5aXjfwwOIat/5+XazkI=":{"valueMac":{"type":"Buffer","data":"WvVMoV41xP3bV7cXge94mHT7b2cLmTvM9bHGy6LZ/CY="}},"D41hd+vrmvt+tYXZYtlVw3NGmLCxLesoflFcmGp1jLs=":{"valueMac":{"type":"Buffer","data":"dd8a8Vib2su7LKB+SI8u5puQWcr3JYkT06hHHQxr4lo="}},"m/VweeLj0LEucYcSPHNV42iP9AojP7K8OqJ87/b2kbo=":{"valueMac":{"type":"Buffer","data":"M6Pul6q3T12/i2usxu05zcaC+v2dSaJELkZibz8ai6o="}},"3cYIjYkuOAewGtOPkdp80+IUFr6ib0NKeKUI2nLp1Ew=":{"valueMac":{"type":"Buffer","data":"uUm/shSQzI1DbiTIMpSHmUFb1edEY1zYHlZju2l4eXA="}},"IypJxqisv5Z1EJUI9ThexIDDYd8mHtr7q6PCgWUprVs=":{"valueMac":{"type":"Buffer","data":"qvdXvxegJNcp/LKcNvOGXwO/yd1S23ARqY+j3Ji8EkA="}},"QUFgQKHyk9yauaxaDC/qB20xpyNaQ7VcP1PA600+kwc=":{"valueMac":{"type":"Buffer","data":"kFdvaN9QAHCmm071qeKpVkSNinAnsbTqSDSFjlNTisY="}},"aQqf6g6gVpJ1dIgliGi94AuTeblw3eButRZ0QxymxTw=":{"valueMac":{"type":"Buffer","data":"xm6WyrTN+c58SpxZpI06BVQqQCTEwbeG36toUFEHOB8="}},"CREH8sNb265y6yAL2S+GEw+rz9C8OWQWhf9AAwulapA=":{"valueMac":{"type":"Buffer","data":"zpifS1bsK0JLnlOyGshOJH/dp5DgiNcWXlcFT/gf4j8="}},"EbJ3BJiZUdtUWrvKz7DhqqVRC2rs1xvpP2COpHNj1pw=":{"valueMac":{"type":"Buffer","data":"6MNf9YcBr9cWY+PON3a9n/1vTc3KL4VBPTKyljTwj8Q="}},"1564bC+Zcb1FlcnRPQztaxRzZXsiz1Hu7fpTDWhZS9s=":{"valueMac":{"type":"Buffer","data":"9vJlfxdT6hoZvA4WZVm5mENuHzZaiNDasazErpkfxBs="}},"+hdvODWsIC+TYVv38laycNGHumRpyOUEz4xHR+xDMbg=":{"valueMac":{"type":"Buffer","data":"L6ALRKUvt6oCFUnFtA+gfDTwsrO6mqblfF81Adevooc="}},"+fnyIU8pa1QtHbGfAoqHSWQeHqMrX6c2ITx9BMrv20w=":{"valueMac":{"type":"Buffer","data":"i8NrwlbZu34Kmh5dZIMdX2tMZEeNwxfCuogtE/seiOk="}},"QJsCjhc8YFqTrx8C7kmkzmldGEBc5CJZUP7DaB0W0vk=":{"valueMac":{"type":"Buffer","data":"ttDxofaWEt7DarjYgI8JSct/k6kqYclLVgQLIzk89aQ="}},"QZAVIeA5H12i3D+6QvChFwPhwcM2hB1Z37dNuC4twuQ=":{"valueMac":{"type":"Buffer","data":"UA6FSkn/75RH76A0ufLUPDbRiVbHBl3TW6J7160bg4k="}},"kjDG/SMldJm+RfrzLX16btipe++/sXKAffQ9862ueF4=":{"valueMac":{"type":"Buffer","data":"jxAdrzRVraWK/JXG9ScGPfWHNg7mOGw4OkdMFVOTjgE="}},"j+hsfNFQnzH4FnrzpYQE4pdWXO/eWSXSrujo/B0VVuY=":{"valueMac":{"type":"Buffer","data":"tYqNIAW4w+49JWYnnsORef5UecakByZcg4cme3RhKas="}},"/vYVXYmxd+VFhvC/lCcIlidW6serLoYPjMgbNIMUaJo=":{"valueMac":{"type":"Buffer","data":"0Z6t4AGv530uVn5EAeljwVzaZh4XmuFt5lszTuckBEI="}},"6WS8spB9wiqskOZsdj3fulWS3IB6SLJNo41iIBqy2ww=":{"valueMac":{"type":"Buffer","data":"LuMuxXvp03pvzJ92ALK4B24rUAHqrPtGBH1JM3EpquE="}},"JWn8hSZ+bET6INZjFO+5zjlwiHzhIj4D8MmiOYbQqdQ=":{"valueMac":{"type":"Buffer","data":"8HD76VBtyZ0gImUetl7h8N9TdNb6OthJF6MwuBHq7ac="}},"528+6vCIDXoj/CwI76/zkgswwRbmQZ30UuL4PpC06BQ=":{"valueMac":{"type":"Buffer","data":"oFF69EWjaGLI/XmbcGd+iomBYKinB39n6TSAGuSx02o="}},"pqUrIsNeOMlrL1qL2GZyTi5xoE36kdy1cQ3ac2MAbzc=":{"valueMac":{"type":"Buffer","data":"1+7UPTwzEGw3EwpBzLs6loyHL8jevume23kK/v6yk5E="}},"vEexW0YCPcRFfEGO9gfLbJDNin31T+t8e5AlVI8kT10=":{"valueMac":{"type":"Buffer","data":"F4UhIVh1G2f40Yp372WTOk7cufSyaP7dLkNZzAti/Yo="}},"M5uHTHaBe0uMl1ylFkkcVYQqe6PHLvPISNrz0aZFxkU=":{"valueMac":{"type":"Buffer","data":"FNzcYWVbmsOrtBAmsbQL8x4yfSb2hjOYClJp4LtwpTU="}},"Jq+fymK9tGKGjFAS9Weko7rehiXyBPfNwauLTM1Q710=":{"valueMac":{"type":"Buffer","data":"+f4rIVAKQG7JHe9sSVWPhQPzhLuyGvp7ZwB4Cx1O2Rw="}},"0YjZEl++aWRZRhyborEQrbxReqH8Klr6/rChJwlpARo=":{"valueMac":{"type":"Buffer","data":"s667vQk7BDp5Tt/94VDvjmopa7Qmsy//fJ0qUkt6UAE="}},"cEe/sF5u58dBRZNq0xNx317iT5OAmnggx+E10bJiD10=":{"valueMac":{"type":"Buffer","data":"iStkUPKFa2IwaSXh6RkQaBrju63I3laFJSwkSa0iEB8="}},"74gv0Rw0jVrvAOlYdKiC5WZtWwraU1hx6lx8ndytx5Y=":{"valueMac":{"type":"Buffer","data":"q8dSfO8eEduW46vozjLZKrbdjjdTd4BfJFB/On4kOYM="}},"neHelaR8kHAu8M17xnWhXYnd5s9TRY9eRSxWZcJvDes=":{"valueMac":{"type":"Buffer","data":"XxYTeFDmR8dhiYbWY3O+rcsMHIJi7wh7JA+85oDdma8="}},"pqb4bkxQUIYNpKa/cjRGDs9XmoS+ine7MYM7+kAnObk=":{"valueMac":{"type":"Buffer","data":"XLcdM5bwbRiY58EIoboDcmTADXVjBEX+R7Wl7IZATOM="}},"1F2+q1EOJngXuE/S9zDsgnVrmSlAH+oHfzzyqEtz7bk=":{"valueMac":{"type":"Buffer","data":"CzxFgEPnunyUZXiqnlxLCQMK/Nfu2zk+cr7uZhkLUGU="}},"7XD3CTu9eWk7nSIdrkg4vLQaUNULpR8+34g+pIu9/1I=":{"valueMac":{"type":"Buffer","data":"edfeY0f+/115r8VEY8kYSqBFCSHns55B8tOG1RUCy30="}},"awMxhHrHwzkbw5jGXtPqdkIVwprr3GVX/Kif9SwI090=":{"valueMac":{"type":"Buffer","data":"6INhi0iTa3mtHkLybypLjs3WJcILNG30Qq2GZL5fClY="}},"3MTHnJFk0+2qI5w9ZA39QngvjQXg/S6eBoSK0o7hJm8=":{"valueMac":{"type":"Buffer","data":"yMGYqj5xM6hY4sblMopgDokDpu6zWE/x+VAhkLMRoIU="}},"ZBEkCD/bd+Y+3C5n1E/gRvof/Yfi5HOGpmgCjFDmNu4=":{"valueMac":{"type":"Buffer","data":"9IWktsJlhKx2qDcFxmzZZlwSyP9rXXl5sY3RQ1lGV7A="}},"NlbUfOU6+LLQuabIIWoZyUsEGPLJJSJrV0UeHgnw8ig=":{"valueMac":{"type":"Buffer","data":"Ku7nx9Jpkgo6ZCFbtx8O4CKOF8zsOzt3BompcqMmNA0="}},"aYTjIBl69ZwJa+Q2XhOHj7nPfWUNcTPikmffSBW+3Sw=":{"valueMac":{"type":"Buffer","data":"VZutmSNBWXh9yTSJWUtOjEhEHtDSF+syoI5RnWSGA4k="}},"HwC2/LUeeIOSq67yxEnGnAghffj6z/UoCF8Yf0IL8eM=":{"valueMac":{"type":"Buffer","data":"88dwPKrvxqrBpTOAPIm8gsQyxAXIa6hLvO7gRlEQ7Do="}},"OjHDtrZ267aqyTKo3XO4033ITSYWHtkZW6W/ylJZw/E=":{"valueMac":{"type":"Buffer","data":"NoFIcEKwlPBa/i88fS2dw2SH+Pn2WynVlBDd8rDo40E="}},"UQdlNg/yL+v6Lz0HdrLnVw3c4vCFwdIIbwaRjLE8a4s=":{"valueMac":{"type":"Buffer","data":"uL82NYF3N+b9X6iLPibKf3l1lB86kG6awzsUY33J7k8="}},"EtZ5cKCCy308qfRNKtvYoleDKU1jNicjGRFIjOFpbRc=":{"valueMac":{"type":"Buffer","data":"4dz+dZPNhvpL8lLgMcn3XnWacme7IkEelna20K4OVoI="}},"ZUFMiaRYGLnNzv/swYu6eglJCZSv8VndeUI46bf46y0=":{"valueMac":{"type":"Buffer","data":"riqptOROK8fY15wdskxKgF+w8bjs1kr1+J4LByx78a4="}},"+niQmjA0VHY67ZLYgxoiGWEYNzJsaq4yReSYQacv6IY=":{"valueMac":{"type":"Buffer","data":"Am9D5YmyOA5aN7hDVLEza8+aRGOW5SF7kodlHvwSff4="}},"5EolQANj9aT4SbpIzsZzmSWCntqQKMg+A+mZAAXfxaw=":{"valueMac":{"type":"Buffer","data":"op1+HfCaV/oQZFgDf/oYk+mh/lO3Yy6X88TL/3sbJJA="}},"p+e6P9ErrHGdRd+Q7NHTB+elLmjbwP8JwtKd4tMF5zA=":{"valueMac":{"type":"Buffer","data":"pMOXO3LEdy1ExLKqfDrRfNNxKBYZojIKHehQwdrRKq4="}},"8vx/nVwbZncqM2arXJTrelDapPcAZ1q6CuljhqeuN0w=":{"valueMac":{"type":"Buffer","data":"kBm1Vs/mvwQnCdVVnBBdgor2R4/ja7iAFgou3UnBVEA="}},"o7oyeznUGYhzpBlWAm3PZuDVpwfzpaZVDCbcyLibH0Q=":{"valueMac":{"type":"Buffer","data":"8ANst9QKBwMO0Ocewn6sla73JEKmbvi208Uzaitpbtw="}},"WlOzCJ4BS0+lTmhnOJeaMJGT9zWITRmAWCj57oXPF6s=":{"valueMac":{"type":"Buffer","data":"sg72U8wFjEP5Gblvrqz/JVMURil+y8b0Cwm0vVvHdmA="}},"kfP5BBypdCX1jvSMX6x1oqYMt45ybHg339PM1IpfFFc=":{"valueMac":{"type":"Buffer","data":"Dkn3Gp17+abOO9o8hHOpUgqVqKZ6tX2lizeR6Z9AR6g="}},"wHGC4EnFN1K67rZM47CHiOnWErvqitRvSWapkDgn0ts=":{"valueMac":{"type":"Buffer","data":"qP48kf/wOIy6an5A4VZ7/TLaCoFJQQ4UNvWubog49SY="}},"DWHtLIDjo06wOOLG1DCKbm7C15Bvfw5bzO3RRyMDpXc=":{"valueMac":{"type":"Buffer","data":"TPpsicZQBRFjMo7M0x2qSKYIWmalJLGuPeDOy9svIGk="}},"00EZ5c7sqaQHw3tVxOGl/zvnRR2RBKVA2HMQeymz02I=":{"valueMac":{"type":"Buffer","data":"DTeqnRndCtAje+mdDljXq7pEB93x4+AAqDRAeWYNA2w="}},"UGGhSYxzKxvYS3muAFC4Bs7c8lXWVxA0C3MjdUo4nVs=":{"valueMac":{"type":"Buffer","data":"XEhVIS/IlTTz1dK9SLtPjauLJBCV/TXOC0P/OW5HDyA="}},"MWrdvQyKdX8sowjLiimlrTh88ZX/kLO2x5NBxIKO4Rk=":{"valueMac":{"type":"Buffer","data":"96PU3DLL9dPq146bCPZMn53cPLz4UZm4bvo34DwxSfA="}},"3T8E+a/Kf3mNb5ZYY4YUnmrBO15g0rJga/gI6IMU1/Y=":{"valueMac":{"type":"Buffer","data":"0gI9rQSbt/rRt+Wp0mEJ3R7J4/4lQCCGBmcplTdCqzI="}},"FOF882X2I2ZjqUj3TdSkC64mgGcMjRh5cFd1lla4lw4=":{"valueMac":{"type":"Buffer","data":"fr4mVEraD+rOrC5MVudATq0bzXWg62zC4QdyYVsQKeA="}},"+yLafMmFU4BDNy35X9ud6qzKIecujai5AhQl8U5lbz8=":{"valueMac":{"type":"Buffer","data":"xTyC8wlvx6Z3ZuK+ZOmXilV8EvIbq+OIcnIYHNb7G9I="}},"Jzjq8aeG5ozQsJp503oGy/CDlXfPk8nrK2MjPoZ48bU=":{"valueMac":{"type":"Buffer","data":"KcNVg72Tq+nu7kHIJ5n1gMPgyuKbzYVrX8qrBdshEz8="}},"HDLXz9rEgEM3m0jcm01hiCeEfRmz2s+RZ7PS+sEmnk8=":{"valueMac":{"type":"Buffer","data":"ddOsQ78NPWmApvrAN26Ki3D7Fv0N8Vg/92WBGkneoTk="}},"KZeoTHcvAF6N1C+GIGYh3rITa2PeK3evQcT3jbdE3Cs=":{"valueMac":{"type":"Buffer","data":"JZZYyzYRupE2OJtlts1gVhW56nkzav4LMibUumDfdwk="}},"/z5b4l/qM4v04LCxgPXywo48OcsUehq2UWlRVfD82/Q=":{"valueMac":{"type":"Buffer","data":"qJiT+i1Gk+u4eTb4HMxUOhxObHwBmlQiJ80VCzd0RzU="}},"laVAYhvc239ZhNqvuTWFYTRWdsiTELWB6t1Xqflkj9g=":{"valueMac":{"type":"Buffer","data":"Yos/2KHR88ToAJNuXe7/3xu/wMGIY4hZbbgqVDwgfEs="}},"44Nms7mmBDJt7wixVMzjcS8kKkrmuU8R048sWygucBQ=":{"valueMac":{"type":"Buffer","data":"VaQxzbQqk78UHHxCe9wXUL+KIJXUEx09Tdv9y9FlbT8="}},"NCkLSoYBJp2htoJAMhtr/zaiOXmcTA+ybQx3AHHJJEE=":{"valueMac":{"type":"Buffer","data":"OOOxbMyw5WlArquzJ3Y7yK1yYzCwhWiC2U8EfnqwsbM="}},"DjHkpKLeU5wKtAAenfcsM0MyH//WM7xvS2bfWqINcmI=":{"valueMac":{"type":"Buffer","data":"BY4kFFgG5qbc6jZIfkqPEdqw9mvuCCWNj59YgdIovvo="}},"TYzPh2dqVX7CcJkA772gQmp0XHeyaFBifL8psIfjmig=":{"valueMac":{"type":"Buffer","data":"pkK0aVO6AGY8HuT5D2fen8MG3KncZXgbwjp6JM8QB84="}}}}