{"version":4,"hash":{"type":"Buffer","data":"qnyYpTxaUoMASXu0IoqS/6shc57atjzH5lUXkjf+CAIForuCWE56PDDFBCNerYX21iBp4ybVhjDHxF5o7BzLx0pJwILTGUfmWTDNZ2kpEry9WvbjOaZyaNQpZLG2w0+HOJfdZ/4V+oRbwiNF+842pXuGGYvc87ndqcOUiPEtbzk="},"indexValueMap":{"suPQoUP84FVbpimumBSLlBHL24BEvtUxOIl4bDWx0es=":{"valueMac":{"type":"Buffer","data":"xCt8ntaobJLhdumiG9FgSgqmmfe8EArObaUgocdZ7zc="}},"sNUDuoat8/uS/+amE8yF/FYqOvNq8RIa7oHLu2N9ZZo=":{"valueMac":{"type":"Buffer","data":"Gjf9QZ/2x7pKmYQPG9kgJwHYr0Gkxg3in5POtp/8/Uc="}},"gysqJgJm+KhRBtMD+8tcGYUjblOY3I8cgu0FTdBFNO0=":{"valueMac":{"type":"Buffer","data":"y80TO9WmcoCCDvDiOjy/vSfkG/qcVZR1m3bBOWc8Z6w="}},"nwvWZ6+D6Kp4NfAK6u5Rg6fXg/D5ptSAoCWdt7uJO6s=":{"valueMac":{"type":"Buffer","data":"X+RwaIJvoCCcqIcd5t9rt7XbntPN1hRhzcfK7zS2IoA="}},"wfgSlk6L1GSLPqOCV/lQyjEgeu8PiFiZLICC7/tqGkY=":{"valueMac":{"type":"Buffer","data":"2u6nr2TiHYP6/6Ncl12qoYZBVCtrG9FjgvL+4ZY7M/4="}},"i1J9TaqnmOcg378/xP4JudRa7eqeTxlZn1ZeePxcNFw=":{"valueMac":{"type":"Buffer","data":"Tyu4ppo+NMVzX42fCWdZo7bU8/abge46ZKCig43EL08="}},"G3zX4cwYkHOWqGiXHmsY2tNFzO8VR+CCSWcEVd9av1A=":{"valueMac":{"type":"Buffer","data":"XjAOK8G3SVDHn0gd5TTYZGYDtHf1NO8fct0gBVFnAg8="}},"53gggfNveq0m32rEovlHtard3teFOOU2u09IVZnVwg4=":{"valueMac":{"type":"Buffer","data":"wibz6jBHs3EauB7sdRnnarf8vbFWTR1/6qTw61MPqLE="}},"M1GS4vtMb11umRY0R7E5UxiDCxraOSRgIAJw1Q21ikQ=":{"valueMac":{"type":"Buffer","data":"ymGWya3AF755VL1G/eqR9P/te1zPdXtodgbO9+HK7Eg="}},"oz8z5tYNro5fvdQloKA8Ar7L8jLvQz5/pGa5idDJNeM=":{"valueMac":{"type":"Buffer","data":"QAvXvxPMOWgJPEC7wpxLHntsAhW0X8uTwZsYo+F643c="}},"fIN/xOZoI5YiWQMITTEVbDVfs0wVTrq2Nrg2H5k5Z2E=":{"valueMac":{"type":"Buffer","data":"WjVcNjr/gHisK/FE1GxqLcESVEmfHY8x27BLibrIHFs="}},"6XInq1cBdRmPZa3TWZzj7K5/P4no0ZPWXhcMgvTTSKI=":{"valueMac":{"type":"Buffer","data":"AXQFevya+A6fygTHqCKd6AP4bKGQpAkHAyeR0yC/Ur0="}},"hHl9niD7YWF1tS+P6VuFE3rBoAdScPBVEapa/btwpu4=":{"valueMac":{"type":"Buffer","data":"bKEdYFRxUxnN0+TTIkTf8/Hbhyeubb6k2eW3aGvPvto="}},"fsUmEzBTLfLIDwFgfV1WqL7zg6mNZqvxb+ZrQT6E7NA=":{"valueMac":{"type":"Buffer","data":"dPRDsRurDxSewUg4noFUbeonLrlI0zISOH2OOLtHhMg="}},"MQrS6K2yvCgVUHtiPbZyZCtUxWNARq5sso/xyVI3Bek=":{"valueMac":{"type":"Buffer","data":"5QAol/nMgiYu/m3/lvYWnKKjJrmVwh8fD+LV12nIp2o="}},"otrM72H1E8aq3MpfYV2rZPIvaDSKcClztoqa7pfneXQ=":{"valueMac":{"type":"Buffer","data":"kUqOPRo+kCy6El8DbRNbWKwS7CwapngGovMCageknj8="}},"RyEeIp2+Hb16u2Gg0z9cy9AIIhU66jJ4rjgBXleAFMA=":{"valueMac":{"type":"Buffer","data":"6mTk+UES7JcbTxRBXMI+93sY8+W3WU0XELryo8SCADw="}}}}