{"noiseKey":{"private":{"type":"Buffer","data":"MPNsJfs0CcLBsTJ5KXeAd7fGtG8bBGYHWiw4V5zOaUo="},"public":{"type":"Buffer","data":"ZwqtXfFIo1WVjbnJerYsrNqf89CcQW4seaX6BQG+XDE="}},"signedIdentityKey":{"private":{"type":"Buffer","data":"2FsjsOruAy7CHfkNRgnb+CPyz4umi81xXor6s+JUVnc="},"public":{"type":"Buffer","data":"su18Iiz7l/YDCO7HSsmeWle7a//6Mc2ZbG1IBtgyIk8="}},"signedPreKey":{"keyPair":{"private":{"type":"Buffer","data":"WAgQCubf7JEpZsFdQSuSrnqLn1l/WXBl2awiismjQ2k="},"public":{"type":"Buffer","data":"BzcHlRAV0LQT6U0A/7syTABKi34PvLvxaN1DNkAAjlM="}},"signature":{"type":"Buffer","data":"SIWI/7sX5u68fouVxHzpv66YlXyhx5QZie5P0jkQ2LtBpVmNkV+GM0vhp/r24blUWTWtPzLUdQlu9VWjW0giBg=="},"keyId":1},"registrationId":117,"advSecretKey":"KaLxL1gFyo9TpbMetcD7NBS8gYs02/bmT/xVLz13XRU=","processedHistoryMessages":[{"key":{"remoteJid":"6287855066799@s.whatsapp.net","fromMe":true,"id":"AB627968DF9CFABEEAF2A641BA098720"},"messageTimestamp":1665136868},{"key":{"remoteJid":"6287855066799@s.whatsapp.net","fromMe":true,"id":"838F3C85768ABC31E2E5C337C88E4F62"},"messageTimestamp":1665136868},{"key":{"remoteJid":"6287855066799@s.whatsapp.net","fromMe":true,"id":"068F0F14876A1A53EA85CEFCD27A9CBF"},"messageTimestamp":1665136871}],"nextPreKeyId":31,"firstUnuploadedPreKeyId":31,"accountSyncCounter":1,"accountSettings":{"unarchiveChats":false},"account":{"details":"CIXGnqsHEODx/5kGGAM=","accountSignatureKey":"NhBZEKutDhi3uQnTuQQFqebkipl53JBwEN/Z8ddIiQ4=","accountSignature":"Lwu8V45HDVT8jSCVVWVykp7Z0AxqfgeVUZ0VyMJ5o6nmu4+EptUWqgvO3U75NFDg/7g/5gWkMG+gLtRGfRR1CQ==","deviceSignature":"HFFbyqwDJskzZHXSJHrx8MORsjoRiJJbpiU+JIjGQH9Vx536PihSaflm0e9FaIQ81h8hN4+4Xt5s6YVMsTzXDQ=="},"me":{"id":"6287855066799:3@s.whatsapp.net","name":"-"},"signalIdentities":[{"identifier":{"name":"6287855066799:3@s.whatsapp.net","deviceId":0},"identifierKey":{"type":"Buffer","data":"BTYQWRCrrQ4Yt7kJ07kEBanm5IqZedyQcBDf2fHXSIkO"}}],"platform":"android","lastAccountSyncTimestamp":1665136866,"myAppStateKeyId":"AAAAALmn"}