{"_sessions":{"BbhSfDYVtScqVCEyIrcd/4tJ/1asJcZxEtBhXMT2eJU2":{"registrationId":1943308529,"currentRatchet":{"ephemeralKeyPair":{"pubKey":"BT36lPFu4HMkUA5GeG5JrwN71bf5zfgQLC3TawWfdRAk","privKey":"2MUQT9JmZKHaZ320fqXu4pZuXoecaCXp2KMmbtHnIU0="},"lastRemoteEphemeralKey":"BdvZnzZd47BWJBhYYLRc0Q1/j9BYbzViusL6+oILJVcN","previousCounter":0,"rootKey":"AuLViPrlpcDqCmUQnB59ZFePXbBA6wHmzFE4wMR2hPY="},"indexInfo":{"baseKey":"BbhSfDYVtScqVCEyIrcd/4tJ/1asJcZxEtBhXMT2eJU2","baseKeyType":2,"closed":-1,"used":1665136867742,"created":1665136867742,"remoteIdentityKey":"BTYQWRCrrQ4Yt7kJ07kEBanm5IqZedyQcBDf2fHXSIkO"},"_chains":{"BdvZnzZd47BWJBhYYLRc0Q1/j9BYbzViusL6+oILJVcN":{"chainKey":{"counter":5,"key":"r6dIFW1prB/dx90cYhBwmMlzxXef4kBhbsuusGniDyA="},"chainType":2,"messageKeys":{}},"BT36lPFu4HMkUA5GeG5JrwN71bf5zfgQLC3TawWfdRAk":{"chainKey":{"counter":-1,"key":"g45MpENm7QVBQLeSVKHIsXaPxEMwajLmojQju/3G0+c="},"chainType":1,"messageKeys":{}}}}},"version":"v1"}